-- phpMyAdmin SQL Dump
-- version 4.7.2
-- https://www.phpmyadmin.net/
--
-- Host: localhost:3306
-- Generation Time: Jan 31, 2018 at 03:06 PM
-- Server version: 5.6.35
-- PHP Version: 7.1.6

SET SQL_MODE = "NO_AUTO_VALUE_ON_ZERO";
SET time_zone = "+00:00";


/*!40101 SET @OLD_CHARACTER_SET_CLIENT=@@CHARACTER_SET_CLIENT */;
/*!40101 SET @OLD_CHARACTER_SET_RESULTS=@@CHARACTER_SET_RESULTS */;
/*!40101 SET @OLD_COLLATION_CONNECTION=@@COLLATION_CONNECTION */;
/*!40101 SET NAMES utf8mb4 */;

--
-- Database: `jj3m`
--
CREATE DATABASE IF NOT EXISTS `jj3m` DEFAULT CHARACTER SET utf8 COLLATE utf8_general_ci;
USE `jj3m`;

-- --------------------------------------------------------

--
-- Table structure for table `tblaccesslog`
--

DROP TABLE IF EXISTS `tblaccesslog`;
CREATE TABLE `tblaccesslog` (
  `id` int(11) NOT NULL,
  `user_id` int(11) NOT NULL,
  `email` varchar(32) NOT NULL,
  `date` datetime NOT NULL,
  `ip` varchar(30) NOT NULL,
  `success` tinyint(1) NOT NULL,
  `str` varchar(100) NOT NULL
) ENGINE=InnoDB DEFAULT CHARSET=utf8;

--
-- Dumping data for table `tblaccesslog`
--

INSERT INTO `tblaccesslog` (`id`, `user_id`, `email`, `date`, `ip`, `success`, `str`) VALUES
(1, 1, 'jjadmin', '2018-01-09 18:57:25', '::1', 1, '112233'),
(2, 1, 'jjadmin', '2018-01-09 18:57:25', '::1', 1, '112233'),
(3, 5, 'mem001', '2018-01-09 18:58:38', '::1', 1, '112233'),
(4, 1, 'jjadmin', '2018-01-09 19:00:11', '::1', 1, '112233'),
(5, 1, 'jjadmin', '2018-01-09 19:00:11', '::1', 1, '112233'),
(6, 5, 'mem001', '2018-01-09 19:04:07', '::1', 1, '112233'),
(7, 5, 'mem001', '2018-01-09 19:21:15', '::1', 1, '112233'),
(8, 1, 'jjadmin', '2018-01-09 21:31:57', '::1', 1, '112233'),
(9, 1, 'jjadmin', '2018-01-09 21:31:57', '::1', 1, '112233'),
(10, 4, 'jjroot', '2018-01-09 21:47:41', '::1', 1, '112233'),
(11, 1, 'jjadmin', '2018-01-09 21:54:44', '::1', 1, '112233'),
(12, 1, 'jjadmin', '2018-01-09 21:54:44', '::1', 1, '112233'),
(13, 4, 'jjroot', '2018-01-09 22:05:55', '::1', 1, '112233'),
(14, 4, 'jjroot', '2018-01-09 22:06:00', '::1', 1, '112233'),
(15, 5, 'mem001', '2018-01-09 22:06:59', '::1', 1, '112233'),
(16, 5, 'mem001', '2018-01-09 22:06:59', '::1', 1, '112233'),
(17, 5, 'mem001', '2018-01-09 22:27:37', '::1', 1, '112233'),
(18, 4, 'jjroot', '2018-01-09 22:47:57', '::1', 1, '112233'),
(19, 4, 'jjroot', '2018-01-09 22:47:59', '::1', 1, '112233'),
(20, 4, 'jjroot', '2018-01-09 23:08:49', '::1', 1, '112233'),
(21, 4, 'jjroot', '2018-01-09 23:08:51', '::1', 1, '112233'),
(22, 4, 'jjroot', '2018-01-09 23:28:58', '::1', 1, '112233'),
(23, 4, 'jjroot', '2018-01-09 23:32:05', '::1', 1, '112233'),
(24, 4, 'jjroot', '2018-01-09 23:52:16', '::1', 1, '112233'),
(25, 4, 'jjroot', '2018-01-09 23:52:18', '::1', 1, '112233'),
(26, 4, 'jjroot', '2018-01-10 16:57:17', '::1', 1, '112233'),
(27, 4, 'jjroot', '2018-01-10 16:57:19', '::1', 1, '112233'),
(28, 4, 'jjroot', '2018-01-10 17:21:37', '::1', 1, '112233'),
(29, 4, 'jjroot', '2018-01-10 17:21:40', '::1', 1, '112233'),
(30, 40, 'patrick', '2018-01-10 17:34:15', '::1', 1, '123456'),
(31, 40, 'patrick', '2018-01-10 17:34:15', '::1', 1, '123456'),
(32, 5, 'mem001', '2018-01-10 17:44:19', '::1', 1, '112233'),
(33, 5, 'mem001', '2018-01-10 17:44:19', '::1', 1, '112233'),
(34, 41, 'gaozong', '2018-01-10 17:55:08', '::1', 1, '123123'),
(35, 41, 'gaozong', '2018-01-10 17:55:08', '::1', 1, '123123'),
(36, 41, 'gaozong', '2018-01-10 17:59:52', '::1', 1, '123123'),
(37, 41, 'gaozong', '2018-01-10 17:59:52', '::1', 1, '123123'),
(38, 5, 'mem001', '2018-01-10 18:23:29', '::1', 1, '112233'),
(39, 5, 'mem001', '2018-01-10 18:23:29', '::1', 1, '112233'),
(40, 4, 'jjroot', '2018-01-10 18:59:53', '::1', 1, '112233'),
(41, 5, 'mem001', '2018-01-10 19:39:09', '::1', 1, '112233'),
(42, 5, 'mem001', '2018-01-10 20:09:22', '::1', 1, '112233'),
(43, 4, 'jjroot', '2018-01-10 21:27:57', '::1', 1, '112233'),
(44, 4, 'jjroot', '2018-01-10 21:28:03', '::1', 1, '112233'),
(45, 4, 'jjroot', '2018-01-10 21:48:54', '::1', 1, '112233'),
(46, 4, 'jjroot', '2018-01-10 22:03:31', '::1', 1, '112233'),
(47, 4, 'jjroot', '2018-01-10 22:03:34', '::1', 1, '112233'),
(48, 4, 'jjroot', '2018-01-10 22:06:58', '::1', 1, '112233'),
(49, 4, 'jjroot', '2018-01-10 22:27:31', '::1', 1, '112233'),
(50, 4, 'jjroot', '2018-01-10 22:57:39', '::1', 1, '112233'),
(51, 1, 'jjadmin', '2018-01-10 23:03:42', '::1', 1, '112233'),
(52, 5, 'mem001', '2018-01-10 23:04:18', '::1', 1, '112233'),
(53, 5, 'mem001', '2018-01-10 23:05:57', '::1', 1, '112233'),
(54, 4, 'jjroot', '2018-01-11 01:24:54', '::1', 1, '112233'),
(55, 4, 'jjroot', '2018-01-11 01:24:54', '::1', 1, '112233'),
(56, 4, 'jjroot', '2018-01-11 01:27:12', '::1', 1, '112233'),
(57, 4, 'jjroot', '2018-01-11 02:03:53', '::1', 1, '112233'),
(58, 4, 'jjroot', '2018-01-11 02:05:38', '::1', 1, '112233'),
(59, 4, 'jjroot', '2018-01-11 02:18:48', '::1', 1, '112233'),
(60, 4, 'jjroot', '2018-01-11 03:31:40', '::1', 1, '112233'),
(61, 4, 'jjroot', '2018-01-11 03:54:44', '::1', 1, '112233'),
(62, 4, 'jjroot', '2018-01-11 04:30:30', '::1', 1, '112233'),
(63, 4, 'jjroot', '2018-01-11 04:30:30', '::1', 1, '112233'),
(64, 5, 'mem001', '2018-01-11 14:19:40', '::1', 1, '112233'),
(65, 1, 'jjadmin', '2018-01-11 14:44:14', '::1', 1, '112233'),
(66, 4, 'jjroot', '2018-01-11 15:05:32', '::1', 1, '112233'),
(67, 4, 'jjroot', '2018-01-11 15:05:49', '::1', 1, '112233'),
(68, 4, 'jjroot', '2018-01-11 15:12:15', '::1', 1, '112233'),
(69, 4, 'jjroot', '2018-01-11 15:12:57', '::1', 1, '112233'),
(70, 4, 'jjroot', '2018-01-11 15:12:57', '::1', 1, '112233'),
(71, 4, 'jjroot', '2018-01-11 18:40:38', '::1', 1, '.112233.'),
(72, 4, 'jjroot', '2018-01-11 18:50:15', '::1', 1, '.112233.'),
(73, 4, 'jjroot', '2018-01-11 19:44:34', '::1', 1, '.112233.'),
(74, 4, 'jjroot', '2018-01-11 19:45:32', '::1', 1, '112233'),
(75, 4, 'jjroot', '2018-01-11 19:47:37', '::1', 1, '.112233.'),
(76, 4, 'jjroot', '2018-01-11 20:24:41', '::1', 1, '.112233.'),
(77, 4, 'jjroot', '2018-01-11 20:30:46', '::1', 1, '.112233.'),
(78, 4, 'jjroot', '2018-01-11 20:34:42', '::1', 1, '.112233.'),
(79, 4, 'jjroot', '2018-01-11 20:48:14', '::1', 1, ''),
(80, 4, 'jjroot', '2018-01-11 21:54:04', '::1', 1, '112233'),
(81, 4, 'jjroot', '2018-01-11 22:01:58', '::1', 1, '112233'),
(82, 4, 'jjroot', '2018-01-11 22:02:43', '::1', 1, '112233'),
(83, 4, 'jjroot', '2018-01-11 22:03:48', '::1', 1, '112233'),
(84, 4, 'jjroot', '2018-01-11 22:05:41', '::1', 1, '112233'),
(85, 4, 'jjroot', '2018-01-11 22:05:48', '::1', 1, '112233'),
(86, 4, 'jjroot', '2018-01-12 01:30:41', '::1', 1, '112233'),
(87, 4, 'jjroot', '2018-01-12 01:42:22', '::1', 1, '112233'),
(88, 4, 'jjroot', '2018-01-12 01:59:37', '::1', 1, '112233'),
(89, 4, 'jjroot', '2018-01-12 02:26:00', '::1', 1, '112233'),
(90, 4, 'jjroot', '2018-01-12 02:50:00', '::1', 1, '112233'),
(91, 1, 'jjadmin', '2018-01-12 03:01:01', '::1', 1, '112233'),
(92, 4, 'jjroot', '2018-01-12 03:02:07', '::1', 1, '112233'),
(93, 5, 'mem001', '2018-01-12 03:15:45', '::1', 1, '112233'),
(94, 4, 'jjroot', '2018-01-12 03:35:56', '::1', 1, '112233'),
(95, 5, 'mem001', '2018-01-12 03:36:13', '::1', 1, '112233'),
(96, 4, 'jjroot', '2018-01-12 03:51:07', '::1', 1, '112233'),
(97, 5, 'mem001', '2018-01-12 04:47:37', '::1', 1, '112233'),
(98, 4, 'jjroot', '2018-01-12 05:15:29', '::1', 1, '112233'),
(99, 4, 'jjroot', '2018-01-12 05:15:48', '::1', 1, '112233'),
(100, 4, 'jjroot', '2018-01-12 05:45:03', '::1', 1, '.112233.'),
(101, 4, 'jjroot', '2018-01-12 05:45:42', '::1', 1, '.112233.'),
(102, 4, 'jjroot', '2018-01-12 05:46:17', '::1', 1, '112233'),
(103, 4, 'jjroot', '2018-01-12 05:48:43', '::1', 1, '112233'),
(104, 4, 'jjroot', '2018-01-12 05:55:34', '::1', 1, '112233'),
(105, 4, 'jjroot', '2018-01-12 06:03:51', '::1', 1, '.112233.'),
(106, 4, 'jjroot', '2018-01-12 06:05:23', '::1', 1, '.112233.'),
(107, 5, 'mem001', '2018-01-12 06:12:37', '::1', 1, '112233'),
(108, 41, 'gaozong', '2018-01-12 06:14:33', '::1', 1, '123123'),
(109, 4, 'jjroot', '2018-01-12 15:14:55', '::1', 1, '112233'),
(110, 4, 'jjroot', '2018-01-12 15:18:13', '::1', 1, '112233'),
(111, 5, 'mem001', '2018-01-12 15:21:35', '::1', 1, '112233'),
(112, 4, 'jjroot', '2018-01-12 15:22:14', '::1', 1, '112233'),
(113, 4, 'jjroot', '2018-01-12 15:25:46', '::1', 1, '112233'),
(114, 5, 'mem001', '2018-01-12 15:26:57', '::1', 1, '112233'),
(115, 4, 'jjroot', '2018-01-12 15:27:55', '::1', 1, '112233'),
(116, 1, 'jjadmin', '2018-01-12 15:30:01', '::1', 1, '112233'),
(117, 1, 'jjadmin', '2018-01-12 15:30:52', '::1', 1, '112233'),
(118, 4, 'jjroot', '2018-01-12 15:32:55', '::1', 1, '112233'),
(119, 5, 'mem001', '2018-01-12 15:35:24', '::1', 1, '112233'),
(120, 5, 'mem001', '2018-01-12 16:01:39', '::1', 1, '112233'),
(121, 4, 'jjroot', '2018-01-12 16:23:07', '::1', 1, '112233'),
(122, 4, 'jjroot', '2018-01-12 16:34:25', '::1', 1, '112233'),
(123, 4, 'jjroot', '2018-01-12 16:54:36', '::1', 1, '112233'),
(124, 4, 'jjroot', '2018-01-12 17:15:41', '::1', 1, '112233'),
(125, 4, 'jjroot', '2018-01-12 17:35:55', '::1', 1, '112233'),
(126, 5, 'mem001', '2018-01-12 17:37:39', '::1', 1, '112233'),
(127, 41, 'gaozong', '2018-01-12 17:38:52', '::1', 1, '123123'),
(128, 4, 'jjroot', '2018-01-12 17:42:31', '::1', 1, '112233'),
(129, 5, 'mem001', '2018-01-12 17:42:47', '::1', 1, '112233'),
(130, 41, 'gaozong', '2018-01-12 17:47:21', '::1', 1, '123123'),
(131, 4, 'jjroot', '2018-01-12 17:48:59', '::1', 1, '112233'),
(132, 5, 'mem001', '2018-01-12 17:49:18', '::1', 1, '112233'),
(133, 4, 'jjroot', '2018-01-12 18:05:26', '::1', 1, '112233'),
(134, 40, 'patrick', '2018-01-12 18:06:13', '::1', 1, '123456'),
(135, 5, 'mem001', '2018-01-12 18:06:25', '::1', 1, '112233'),
(136, 1, 'jjadmin', '2018-01-12 18:07:03', '::1', 1, '112233'),
(137, 5, 'mem001', '2018-01-12 18:08:43', '::1', 1, '112233'),
(138, 4, 'jjroot', '2018-01-12 18:09:23', '::1', 1, '112233'),
(139, 4, 'jjroot', '2018-01-12 18:47:10', '::1', 1, '112233'),
(140, 5, 'mem001', '2018-01-12 18:48:14', '::1', 1, '112233'),
(141, 4, 'jjroot', '2018-01-12 19:29:04', '::1', 1, '112233'),
(142, 5, 'mem001', '2018-01-12 19:29:41', '::1', 1, '112233'),
(143, 5, 'mem001', '2018-01-12 19:59:14', '::1', 1, '112233'),
(144, 4, 'jjroot', '2018-01-12 20:19:54', '::1', 1, '112233'),
(145, 4, 'jjroot', '2018-01-12 20:20:21', '::1', 1, '112233'),
(146, 5, 'mem001', '2018-01-12 20:39:06', '::1', 1, '112233'),
(147, 41, 'gaozong', '2018-01-12 20:39:58', '::1', 1, '123123'),
(148, 5, 'mem001', '2018-01-12 20:42:11', '::1', 1, '112233'),
(149, 4, 'jjroot', '2018-01-13 00:18:57', '::1', 1, '112233'),
(150, 4, 'jjroot', '2018-01-13 00:28:46', '::1', 1, ''),
(151, 4, 'jjroot', '2018-01-13 00:37:16', '::1', 1, '112233'),
(152, 4, 'jjroot', '2018-01-13 00:59:11', '::1', 1, '112233'),
(153, 4, 'jjroot', '2018-01-13 00:59:47', '::1', 1, '112233'),
(154, 4, 'jjroot', '2018-01-13 01:00:48', '::1', 1, '112233'),
(155, 5, 'mem001', '2018-01-13 01:01:05', '::1', 1, '112233'),
(156, 4, 'jjroot', '2018-01-13 01:04:45', '::1', 1, '112233'),
(157, 4, 'jjroot', '2018-01-13 01:05:16', '::1', 1, '112233'),
(158, 4, 'jjroot', '2018-01-13 01:05:41', '::1', 1, '112233'),
(159, 4, 'jjroot', '2018-01-13 01:05:51', '::1', 1, '112233'),
(160, 4, 'jjroot', '2018-01-13 01:05:57', '::1', 1, '112233'),
(161, 4, 'jjroot', '2018-01-13 01:06:01', '::1', 1, '112233'),
(162, 4, 'jjroot', '2018-01-13 01:08:36', '::1', 1, '112233'),
(163, 4, 'jjroot', '2018-01-13 01:08:51', '::1', 1, '112233'),
(164, 4, 'jjroot', '2018-01-13 01:09:12', '::1', 1, '112233'),
(165, 4, 'jjroot', '2018-01-13 01:19:47', '::1', 1, '112233'),
(166, 4, 'jjroot', '2018-01-13 01:20:30', '::1', 1, '112233'),
(167, 4, 'jjroot', '2018-01-13 01:23:58', '::1', 1, '112233'),
(168, 4, 'jjroot', '2018-01-13 01:26:51', '::1', 1, '112233'),
(169, 4, 'jjroot', '2018-01-13 01:27:31', '::1', 1, '112233'),
(170, 4, 'jjroot', '2018-01-13 01:37:45', '::1', 1, '112233'),
(171, 4, 'jjroot', '2018-01-13 03:19:36', '::1', 1, '112233'),
(172, 5, 'mem001', '2018-01-13 03:39:07', '::1', 1, '112233'),
(173, 4, 'jjroot', '2018-01-13 04:24:02', '::1', 1, '112233'),
(174, 4, 'jjroot', '2018-01-13 04:43:05', '::1', 1, '112233'),
(175, 4, 'jjroot', '2018-01-13 04:59:11', '::1', 1, '112233'),
(176, 1, 'jjadmin', '2018-01-13 05:08:48', '::1', 1, '112233'),
(177, 5, 'mem001', '2018-01-13 05:09:29', '::1', 1, '112233'),
(178, 10, 'mem006', '2018-01-13 05:11:42', '::1', 1, '112233'),
(179, 5, 'mem001', '2018-01-13 05:12:11', '::1', 1, '112233'),
(180, 1, 'jjadmin', '2018-01-13 05:12:55', '::1', 1, '112233'),
(181, 5, 'mem001', '2018-01-13 05:13:36', '::1', 1, '112233'),
(182, 4, 'jjroot', '2018-01-13 15:38:51', '::1', 1, '112233'),
(183, 4, 'jjroot', '2018-01-13 15:58:04', '::1', 1, '112233'),
(184, 4, 'jjroot', '2018-01-13 18:57:13', '::1', 1, '112233'),
(185, 5, 'mem001', '2018-01-13 18:58:00', '::1', 1, '112233'),
(186, 4, 'jjroot', '2018-01-13 19:11:12', '::1', 1, '112233'),
(187, 4, 'jjroot', '2018-01-13 21:32:01', '::1', 1, '112233'),
(188, 4, 'jjroot', '2018-01-13 21:32:30', '::1', 1, '112233'),
(189, 4, 'jjroot', '2018-01-13 23:36:58', '::1', 1, '112233'),
(190, 5, 'mem001', '2018-01-13 23:39:35', '::1', 1, '112233'),
(191, 4, 'jjroot', '2018-01-14 01:14:32', '::1', 1, '112233'),
(192, 4, 'jjroot', '2018-01-14 01:45:47', '::1', 1, '112233'),
(193, 5, 'mem001', '2018-01-14 01:50:43', '::1', 1, '112233'),
(194, 5, 'mem001', '2018-01-14 02:22:23', '::1', 1, '112233'),
(195, 5, 'mem001', '2018-01-14 02:53:59', '::1', 1, '112233'),
(196, 5, 'mem001', '2018-01-14 03:26:20', '::1', 1, '112233'),
(197, 6, 'mem002', '2018-01-14 03:35:36', '::1', 1, '112233'),
(198, 1, 'jjadmin', '2018-01-14 03:50:03', '::1', 1, '112233'),
(199, 6, 'mem002', '2018-01-14 03:50:54', '::1', 1, '112233'),
(200, 4, 'jjroot', '2018-01-14 03:52:12', '::1', 1, '112233'),
(201, 6, 'mem002', '2018-01-14 03:53:02', '::1', 1, '112233'),
(202, 5, 'mem001', '2018-01-14 04:01:38', '::1', 1, '112233'),
(203, 6, 'mem002', '2018-01-14 04:02:22', '::1', 1, '112233'),
(204, 43, 'mem201', '2018-01-14 04:05:51', '::1', 1, '123456'),
(205, 6, 'mem002', '2018-01-14 04:07:31', '::1', 1, '112233'),
(206, 4, 'jjroot', '2018-01-14 14:24:02', '::1', 1, '112233'),
(207, 4, 'jjroot', '2018-01-14 15:20:59', '::1', 1, '112233'),
(208, 5, 'mem001', '2018-01-14 15:24:15', '::1', 1, '112233'),
(209, 5, 'mem001', '2018-01-14 15:59:03', '::1', 1, '112233'),
(210, 6, 'mem002', '2018-01-14 16:27:18', '::1', 1, '112233'),
(211, 5, 'mem001', '2018-01-14 16:27:51', '::1', 1, '112233'),
(212, 6, 'mem002', '2018-01-14 16:28:39', '::1', 1, '112233'),
(213, 1, 'jjadmin', '2018-01-14 16:29:52', '::1', 1, '112233'),
(214, 6, 'mem002', '2018-01-14 16:31:04', '::1', 1, '112233'),
(215, 6, 'mem002', '2018-01-14 17:02:33', '::1', 1, '112233'),
(216, 4, 'jjroot', '2018-01-14 17:46:13', '::1', 1, '112233'),
(217, 4, 'jjroot', '2018-01-14 23:19:41', '::1', 1, '112233'),
(218, 4, 'jjroot', '2018-01-16 00:58:06', '::1', 1, '112233'),
(219, 5, 'mem001', '2018-01-16 01:20:07', '::1', 1, '112233'),
(220, 4, 'jjroot', '2018-01-16 01:28:09', '::1', 1, '112233'),
(221, 4, 'jjroot', '2018-01-16 01:40:46', '::1', 1, '112233'),
(222, 4, 'jjroot', '2018-01-16 01:41:33', '::1', 1, '112233'),
(223, 4, 'jjroot', '2018-01-16 01:51:17', '::1', 1, '112233'),
(224, 4, 'jjroot', '2018-01-16 01:58:17', '::1', 1, '112233'),
(225, 4, 'jjroot', '2018-01-16 02:04:08', '::1', 1, '112233'),
(226, 4, 'jjroot', '2018-01-16 02:22:09', '::1', 1, '112233'),
(227, 4, 'jjroot', '2018-01-16 03:27:45', '::1', 1, '112233'),
(228, 4, 'jjroot', '2018-01-16 05:06:14', '::1', 1, '112233'),
(229, 4, 'jjroot', '2018-01-16 05:43:01', '::1', 1, '112233'),
(230, 4, 'jjroot', '2018-01-16 18:40:38', '::1', 1, '112233'),
(231, 4, 'jjroot', '2018-01-17 01:15:58', '::1', 1, '112233'),
(232, 4, 'jjroot', '2018-01-17 02:11:25', '::1', 1, '112233'),
(233, 5, 'mem001', '2018-01-17 04:03:37', '::1', 1, '112233'),
(234, 4, 'jjroot', '2018-01-17 04:04:00', '::1', 1, '112233'),
(235, 5, 'mem001', '2018-01-17 04:05:03', '::1', 1, '112233'),
(236, 4, 'jjroot', '2018-01-17 04:06:13', '::1', 1, '112233'),
(237, 5, 'mem001', '2018-01-17 04:07:38', '::1', 1, '112233'),
(238, 4, 'jjroot', '2018-01-17 04:40:35', '::1', 1, '112233'),
(239, 4, 'jjroot', '2018-01-17 05:28:16', '::1', 1, '112233'),
(240, 4, 'jjroot', '2018-01-17 05:58:57', '::1', 1, '112233'),
(241, 4, 'jjroot', '2018-01-17 14:37:20', '::1', 1, '112233'),
(242, 4, 'jjroot', '2018-01-17 18:47:40', '::1', 1, '112233'),
(243, 4, 'jjroot', '2018-01-17 19:17:38', '::1', 1, '112233'),
(244, 5, 'mem001', '2018-01-17 19:18:34', '::1', 1, '112233'),
(245, 4, 'jjroot', '2018-01-17 19:29:40', '::1', 1, '112233'),
(246, 5, 'mem001', '2018-01-17 19:29:53', '::1', 1, '112233'),
(247, 1, 'jjadmin', '2018-01-17 19:30:10', '::1', 1, '112233'),
(248, 5, 'mem001', '2018-01-17 19:31:19', '::1', 1, '112233'),
(249, 4, 'jjroot', '2018-01-17 20:21:49', '::1', 1, '112233'),
(250, 5, 'mem001', '2018-01-17 20:22:06', '::1', 1, '112233'),
(251, 4, 'jjroot', '2018-01-17 20:53:45', '::1', 1, '112233'),
(252, 5, 'mem001', '2018-01-17 20:54:17', '::1', 1, '112233'),
(253, 4, 'jjroot', '2018-01-17 22:52:45', '::1', 1, '112233'),
(254, 5, 'mem001', '2018-01-17 22:58:49', '::1', 1, '112233'),
(255, 4, 'jjroot', '2018-01-17 23:29:17', '::1', 1, '112233'),
(256, 5, 'mem001', '2018-01-17 23:34:52', '::1', 1, '112233'),
(257, 4, 'jjroot', '2018-01-18 00:08:29', '::1', 1, '112233'),
(258, 5, 'mem001', '2018-01-18 00:19:46', '::1', 1, '112233'),
(259, 4, 'jjroot', '2018-01-18 00:59:08', '::1', 1, '112233'),
(260, 5, 'mem001', '2018-01-18 00:59:26', '::1', 1, '112233'),
(261, 4, 'jjroot', '2018-01-18 01:31:09', '::1', 1, '112233'),
(262, 5, 'mem001', '2018-01-18 01:31:21', '::1', 1, '112233'),
(263, 5, 'mem001', '2018-01-18 01:41:39', '::1', 1, '112233'),
(264, 4, 'jjroot', '2018-01-18 01:51:22', '::1', 1, '112233'),
(265, 5, 'mem001', '2018-01-18 02:09:32', '::1', 1, '112233'),
(266, 4, 'jjroot', '2018-01-18 02:13:52', '::1', 1, '112233'),
(267, 4, 'jjroot', '2018-01-18 02:16:42', '::1', 1, '112233'),
(268, 4, 'jjroot', '2018-01-18 02:56:22', '::1', 1, '112233'),
(269, 4, 'jjroot', '2018-01-18 03:26:49', '::1', 1, '112233'),
(270, 4, 'jjroot', '2018-01-18 03:57:00', '::1', 1, '112233'),
(271, 4, 'jjroot', '2018-01-18 04:00:49', '::1', 1, '112233'),
(272, 5, 'mem001', '2018-01-18 04:01:07', '::1', 1, '112233'),
(273, 4, 'jjroot', '2018-01-18 04:31:40', '::1', 1, '112233'),
(274, 4, 'jjroot', '2018-01-18 04:55:45', '::1', 1, '112233'),
(275, 5, 'mem001', '2018-01-18 05:18:51', '::1', 1, '112233'),
(276, 4, 'jjroot', '2018-01-18 05:22:43', '::1', 1, '112233'),
(277, 5, 'mem001', '2018-01-18 05:37:55', '::1', 1, '112233'),
(278, 5, 'mem001', '2018-01-18 13:55:28', '::1', 1, '112233'),
(279, 4, 'jjroot', '2018-01-18 13:58:27', '::1', 1, '112233'),
(280, 4, 'jjroot', '2018-01-18 14:30:47', '::1', 1, '112233'),
(281, 5, 'mem001', '2018-01-18 14:45:29', '::1', 1, '112233'),
(282, 4, 'jjroot', '2018-01-18 14:49:02', '::1', 1, '112233'),
(283, 4, 'jjroot', '2018-01-18 19:51:51', '::1', 1, '112233'),
(284, 4, 'jjroot', '2018-01-18 22:18:59', '::1', 1, '112233'),
(285, 4, 'jjroot', '2018-01-18 22:19:25', '::1', 1, '.112233.'),
(286, 4, 'jjroot', '2018-01-18 22:20:12', '::1', 1, '.112233.'),
(287, 4, 'jjroot', '2018-01-24 23:20:30', '::1', 1, '112233'),
(288, 4, 'jjroot', '2018-01-24 23:23:25', '::1', 1, '112233'),
(289, 4, 'jjroot', '2018-01-26 14:06:10', '::1', 1, '112233'),
(290, 4, 'jjroot', '2018-01-27 14:13:00', '::1', 1, '.112233.'),
(291, 4, 'jjroot', '2018-01-27 14:14:42', '::1', 1, '112233'),
(292, 4, 'jjroot', '2018-01-27 17:45:26', '::1', 1, '112233'),
(293, 4, 'jjroot', '2018-01-27 17:49:50', '::1', 1, '112233'),
(294, 4, 'jjroot', '2018-01-27 17:53:38', '::1', 1, '112233'),
(295, 4, 'jjroot', '2018-01-27 17:59:27', '::1', 1, '112233'),
(296, 4, 'jjroot', '2018-01-27 18:00:15', '::1', 1, '112233'),
(297, 4, 'jjroot', '2018-01-27 18:07:31', '::1', 1, '112233'),
(298, 4, 'jjroot', '2018-01-27 18:08:07', '::1', 1, '112233'),
(299, 4, 'jjroot', '2018-01-27 18:09:38', '::1', 1, '112233'),
(300, 4, 'jjroot', '2018-01-27 18:11:08', '::1', 1, '112233'),
(301, 4, 'jjroot', '2018-01-27 18:12:39', '::1', 1, '112233'),
(302, 4, 'jjroot', '2018-01-27 23:29:40', '::1', 1, '112233'),
(303, 4, 'jjroot', '2018-01-28 00:01:22', '::1', 1, '112233'),
(304, 4, 'jjroot', '2018-01-28 00:01:27', '::1', 1, '112233'),
(305, 4, 'jjroot', '2018-01-28 00:01:33', '::1', 1, '112233'),
(306, 4, 'jjroot', '2018-01-28 00:26:34', '::1', 1, '112233'),
(307, 4, 'jjroot', '2018-01-28 00:26:39', '::1', 1, '112233'),
(308, 4, 'jjroot', '2018-01-28 00:28:03', '::1', 1, '112233'),
(309, 4, 'jjroot', '2018-01-28 00:28:14', '::1', 1, '112233'),
(310, 4, 'jjroot', '2018-01-28 00:29:47', '::1', 1, '112233'),
(311, 4, 'jjroot', '2018-01-28 00:30:06', '::1', 1, '112233'),
(312, 4, 'jjroot', '2018-01-28 02:04:28', '::1', 1, '112233'),
(313, 4, 'jjroot', '2018-01-28 02:36:56', '::1', 1, '112233'),
(314, 4, 'jjroot', '2018-01-28 02:41:58', '::1', 1, '112233'),
(315, 5, 'mem001', '2018-01-28 02:44:22', '::1', 1, '112233'),
(316, 4, 'jjroot', '2018-01-28 03:22:55', '::1', 1, '112233'),
(317, 4, 'jjroot', '2018-01-28 03:55:10', '::1', 1, '112233'),
(318, 4, 'jjroot', '2018-01-28 04:04:52', '::1', 1, '112233'),
(319, 4, 'jjroot', '2018-01-28 04:35:17', '::1', 1, '112233'),
(320, 4, 'jjroot', '2018-01-28 04:58:15', '::1', 1, '112233'),
(321, 4, 'jjroot', '2018-01-28 05:34:34', '::1', 1, '112233'),
(322, 5, 'mem001', '2018-01-28 05:34:48', '::1', 1, '112233'),
(323, 4, 'jjroot', '2018-01-28 05:35:44', '::1', 1, '112233'),
(324, 5, 'mem001', '2018-01-28 05:36:54', '::1', 1, '112233'),
(325, 4, 'jjroot', '2018-01-28 05:37:45', '::1', 1, '112233'),
(326, 5, 'mem001', '2018-01-28 05:47:21', '::1', 1, '112233'),
(327, 4, 'jjroot', '2018-01-28 06:34:13', '::1', 1, '112233'),
(328, 4, 'jjroot', '2018-01-28 06:39:32', '::1', 1, '112233'),
(329, 5, 'mem001', '2018-01-28 06:39:48', '::1', 1, '112233'),
(330, 4, 'jjroot', '2018-01-28 07:12:40', '::1', 1, '112233'),
(331, 5, 'mem001', '2018-01-28 07:19:28', '::1', 1, '112233'),
(332, 50, '1231231', '2018-01-28 08:12:58', '::1', 1, '123123'),
(333, 5, 'mem001', '2018-01-28 08:13:20', '::1', 1, '112233'),
(334, 4, 'jjroot', '2018-01-29 03:22:41', '::1', 1, '112233'),
(335, 4, 'jjroot', '2018-01-29 03:43:49', '::1', 1, '112233'),
(336, 1, 'jjadmin', '2018-01-29 16:15:40', '::1', 1, '112233'),
(337, 4, 'jjroot', '2018-01-29 16:46:49', '::1', 1, '112233'),
(338, 5, 'mem001', '2018-01-29 17:04:02', '::1', 1, '112233'),
(339, 4, 'jjroot', '2018-01-29 21:17:16', '::1', 1, '112233'),
(340, 4, 'jjroot', '2018-01-30 02:20:22', '::1', 1, '112233'),
(341, 4, 'jjroot', '2018-01-30 03:02:12', '::1', 1, '112233'),
(342, 4, 'jjroot', '2018-01-30 05:17:03', '::1', 1, '112233');

-- --------------------------------------------------------

--
-- Table structure for table `tblaccesslog1`
--

DROP TABLE IF EXISTS `tblaccesslog1`;
CREATE TABLE `tblaccesslog1` (
  `id` int(11) NOT NULL,
  `user_name` varchar(80) DEFAULT NULL,
  `l_date` datetime NOT NULL,
  `l_type` varchar(4) DEFAULT NULL,
  `l_note` varchar(255) DEFAULT NULL
) ENGINE=InnoDB DEFAULT CHARSET=utf8;

-- --------------------------------------------------------

--
-- Table structure for table `tblbank`
--

DROP TABLE IF EXISTS `tblbank`;
CREATE TABLE `tblbank` (
  `id` int(11) NOT NULL,
  `mem_id` int(11) NOT NULL,
  `bk_desc` varchar(120) NOT NULL,
  `bk_name` varchar(120) NOT NULL,
  `bk_holder` varchar(120) NOT NULL,
  `bk_account` varchar(120) NOT NULL,
  `bk_extra` varchar(250) NOT NULL
) ENGINE=InnoDB DEFAULT CHARSET=utf8;

-- --------------------------------------------------------

--
-- Table structure for table `tblcounter`
--

DROP TABLE IF EXISTS `tblcounter`;
CREATE TABLE `tblcounter` (
  `id` int(11) NOT NULL,
  `code` varchar(10) NOT NULL,
  `value` int(11) NOT NULL
) ENGINE=InnoDB DEFAULT CHARSET=utf8;

--
-- Dumping data for table `tblcounter`
--

INSERT INTO `tblcounter` (`id`, `code`, `value`) VALUES
(1, 'GIVE', 26),
(2, 'MEM', 1),
(3, 'MISC', 1);

-- --------------------------------------------------------

--
-- Table structure for table `tblhelp`
--

DROP TABLE IF EXISTS `tblhelp`;
CREATE TABLE `tblhelp` (
  `id` int(11) NOT NULL,
  `g_type` varchar(1) NOT NULL,
  `mem_id` int(11) NOT NULL,
  `mgr_id` int(11) NOT NULL,
  `g_date` datetime NOT NULL,
  `g_plan` varchar(2) NOT NULL,
  `g_amount` double NOT NULL,
  `g_pending` double NOT NULL,
  `status` varchar(1) NOT NULL,
  `reentry` tinyint(1) NOT NULL,
  `date_match` datetime NOT NULL,
  `date_close` datetime NOT NULL,
  `note` varchar(10) NOT NULL DEFAULT '',
  `priority` int(11) NOT NULL DEFAULT '5',
  `sms` int(1) NOT NULL DEFAULT '0'
) ENGINE=InnoDB DEFAULT CHARSET=utf8;

--
-- Dumping data for table `tblhelp`
--

INSERT INTO `tblhelp` (`id`, `g_type`, `mem_id`, `mgr_id`, `g_date`, `g_plan`, `g_amount`, `g_pending`, `status`, `reentry`, `date_match`, `date_close`, `note`, `priority`, `sms`) VALUES
(1, 'P', 4, 0, '2018-01-10 19:00:05', '1', 700, 0, 'D', 1, '2018-01-12 15:31:36', '2018-01-12 15:36:35', '', 5, 0),
(11, 'P', 4, 0, '2018-01-10 22:58:36', '1', 1400, 0, 'C', 1, '2018-01-12 15:32:37', '0000-00-00 00:00:00', '', 5, 0),
(12, 'P', 5, 4, '2018-01-10 23:06:14', '1', 1000, 0, 'C', 1, '2018-01-12 03:01:55', '0000-00-00 00:00:00', '', 5, 0),
(18, 'P', 4, 0, '2018-01-12 01:59:48', '1', 700, 0, 'C', 1, '2018-01-12 15:32:43', '0000-00-00 00:00:00', '', 5, 0),
(23, 'P', 4, 0, '2018-01-12 02:44:32', '1', 100, 0, 'D', 1, '2018-01-12 03:01:47', '2018-01-12 15:27:15', '', 5, 0),
(24, 'G', 5, 0, '2018-01-12 03:01:34', '', 5000, 0, 'C', 1, '2018-01-12 15:32:37', '0000-00-00 00:00:00', '', 4, 0),
(25, 'P', 41, 5, '2018-01-12 06:16:52', '1', 4000, 0, 'C', 1, '2018-01-12 15:31:20', '0000-00-00 00:00:00', '', 5, 0),
(26, 'G', 5, 0, '2018-01-12 15:30:22', '', 200, 0, 'D', 1, '2018-01-12 15:32:37', '2018-01-12 15:35:55', '', 4, 0),
(27, 'G', 5, 0, '2018-01-12 15:30:32', '', 100, 0, 'D', 1, '2018-01-12 15:32:37', '2018-01-12 15:36:08', '', 3, 0),
(28, 'G', 4, 0, '2018-01-12 15:32:05', '', 1000, 0, 'C', 1, '2018-01-14 16:30:34', '0000-00-00 00:00:00', '', 5, 0),
(30, 'P', 5, 4, '2018-01-12 18:06:40', '1', 100, 0, 'D', 1, '2018-01-12 18:08:02', '2018-01-17 04:06:35', '', 5, 0),
(33, 'P', 5, 4, '2018-01-12 18:06:48', '1', 200, 0, 'D', 1, '2018-01-12 18:08:07', '2018-01-17 04:06:46', '', 5, 0),
(34, 'G', 4, 0, '2018-01-12 18:07:23', '', 100, 0, 'D', 1, '2018-01-12 18:08:02', '2018-01-17 04:06:35', '', 4, 0),
(35, 'G', 4, 0, '2018-01-12 18:07:32', '', 100, 0, 'D', 1, '2018-01-12 18:08:07', '2018-01-17 04:06:46', '', 4, 0),
(36, 'G', 5, 0, '2018-01-12 18:07:39', '', 100, 0, 'D', 1, '2018-01-13 05:09:09', '2018-01-17 04:05:34', '', 4, 0),
(41, 'P', 4, 0, '2018-01-13 05:08:18', '1', 100, 0, 'D', 1, '2018-01-13 05:09:09', '2018-01-17 04:05:34', '', 5, 0),
(50, 'P', 4, 0, '2018-01-13 05:08:27', '1', 200, 0, 'C', 1, '2018-01-13 05:09:12', '0000-00-00 00:00:00', '', 5, 0),
(51, 'P', 5, 4, '2018-01-13 05:12:28', '1', 100, 0, 'D', 1, '2018-01-13 05:13:06', '2018-01-17 04:06:56', '', 5, 0),
(59, 'P', 5, 4, '2018-01-13 05:12:35', '1', 100, 0, 'D', 1, '2018-01-13 05:13:09', '2018-01-17 04:07:07', '', 5, 0),
(61, 'P', 5, 4, '2018-01-13 05:12:39', '1', 100, 0, 'D', 1, '2018-01-13 05:13:11', '2018-01-17 04:06:25', '', 5, 0),
(62, 'P', 5, 4, '2018-01-13 18:58:20', '1', 1000, 1000, 'O', 1, '0000-00-00 00:00:00', '0000-00-00 00:00:00', '', 5, 0),
(63, 'P', 5, 4, '2018-01-14 01:52:38', '1', 1000, 1000, 'O', 1, '0000-00-00 00:00:00', '0000-00-00 00:00:00', '', 5, 0),
(64, 'P', 5, 4, '2018-01-14 01:54:52', '1', 1000, 1000, 'O', 1, '0000-00-00 00:00:00', '0000-00-00 00:00:00', '', 5, 0),
(65, 'P', 5, 4, '2018-01-14 02:08:17', '1', 1000, 1000, 'O', 1, '0000-00-00 00:00:00', '0000-00-00 00:00:00', '', 5, 0),
(66, 'P', 5, 4, '2018-01-14 02:26:35', '1', 3000, 0, 'D', 1, '2018-01-17 19:30:43', '2018-01-18 02:14:02', '', 5, 0),
(67, 'P', 5, 4, '2018-01-14 02:29:25', '1', 1000, 1000, 'O', 1, '0000-00-00 00:00:00', '0000-00-00 00:00:00', '', 5, 0),
(68, 'P', 5, 4, '2018-01-14 03:01:06', '1', 100, 0, 'C', 1, '2018-01-17 19:30:32', '0000-00-00 00:00:00', '', 5, 0),
(69, 'P', 5, 4, '2018-01-14 03:01:20', '1', 100, 0, 'D', 1, '2018-01-17 19:30:40', '2018-01-18 02:14:12', '', 5, 0),
(70, 'P', 5, 4, '2018-01-14 03:02:17', '1', 100, 0, 'C', 1, '2018-01-17 19:30:58', '0000-00-00 00:00:00', '', 5, 0),
(71, 'P', 5, 4, '2018-01-14 03:02:26', '1', 100, 0, 'D', 1, '2018-01-17 19:31:01', '2018-01-18 02:08:48', '', 5, 0),
(72, 'P', 5, 4, '2018-01-14 03:05:45', '1', 100, 100, 'O', 1, '0000-00-00 00:00:00', '0000-00-00 00:00:00', '', 5, 0),
(73, 'P', 5, 4, '2018-01-14 03:06:48', '1', 100, 100, 'O', 1, '0000-00-00 00:00:00', '0000-00-00 00:00:00', '', 5, 0),
(74, 'P', 5, 4, '2018-01-14 03:07:17', '1', 100, 0, 'C', 1, '2018-01-17 19:30:27', '0000-00-00 00:00:00', '', 5, 0),
(75, 'P', 5, 4, '2018-01-14 03:07:25', '1', 300, 300, 'O', 1, '0000-00-00 00:00:00', '0000-00-00 00:00:00', '', 5, 0),
(76, 'P', 5, 4, '2018-01-14 03:15:19', '1', 1000, 1000, 'O', 1, '0000-00-00 00:00:00', '0000-00-00 00:00:00', '', 5, 0),
(77, 'P', 5, 4, '2018-01-14 03:19:43', '1', 100, 100, 'O', 1, '0000-00-00 00:00:00', '0000-00-00 00:00:00', '', 5, 0),
(78, 'P', 6, 5, '2018-01-14 03:35:42', '1', 100, 100, 'X', 1, '0000-00-00 00:00:00', '2018-01-14 03:38:09', '', 5, 0),
(79, 'P', 6, 5, '2018-01-14 03:35:47', '1', 100, 100, 'X', 1, '0000-00-00 00:00:00', '2018-01-14 03:38:17', '', 5, 0),
(80, 'P', 6, 5, '2018-01-14 03:41:25', '1', 100, 0, 'D', 1, '2018-01-14 03:50:33', '2018-01-14 03:52:36', '', 5, 0),
(81, 'G', 6, 0, '2018-01-14 03:56:05', 'D', 100, 100, 'X', 1, '0000-00-00 00:00:00', '2018-01-14 03:56:58', 'deposit', 5, 0),
(82, 'P', 43, 6, '2018-01-14 04:07:13', '1', 100, 100, 'O', 1, '0000-00-00 00:00:00', '0000-00-00 00:00:00', '', 5, 0),
(83, 'P', 6, 5, '2018-01-14 16:28:48', '1', 1000, 0, 'C', 1, '2018-01-14 16:30:34', '0000-00-00 00:00:00', '', 5, 0),
(84, 'P', 6, 5, '2018-01-14 16:29:01', '1', 1000, 0, 'D', 1, '2018-01-14 16:30:39', '2018-01-17 04:04:37', '', 5, 0),
(85, 'P', 6, 5, '2018-01-14 16:29:10', '1', 1000, 0, 'D', 1, '2018-01-14 16:30:45', '2018-01-17 04:04:27', '', 5, 0),
(86, 'P', 6, 5, '2018-01-14 16:29:20', '1', 3000, 0, 'D', 1, '2018-01-14 16:30:49', '2018-01-17 04:04:09', '', 5, 0),
(87, 'G', 4, 0, '2018-01-14 16:30:11', '', 10000, 1000, 'P', 1, '0000-00-00 00:00:00', '0000-00-00 00:00:00', '', 4, 0),
(88, 'G', 5, 0, '2018-01-17 04:25:07', 'D', 100, 100, 'O', 1, '0000-00-00 00:00:00', '0000-00-00 00:00:00', 'deposit', 5, 0),
(89, 'G', 5, 0, '2018-01-17 04:26:09', 'D', 100, 100, 'O', 1, '0000-00-00 00:00:00', '0000-00-00 00:00:00', 'deposit', 5, 0),
(90, 'G', 4, 0, '2018-01-17 04:42:38', 'D', 100, 100, 'X', 1, '0000-00-00 00:00:00', '2018-01-17 04:45:25', 'deposit', 5, 0),
(91, 'G', 4, 0, '2018-01-17 04:42:53', 'D', 100, 100, 'X', 1, '0000-00-00 00:00:00', '2018-01-17 04:45:16', 'deposit', 5, 0),
(92, 'G', 4, 0, '2018-01-17 04:45:32', 'D', 100, 100, 'O', 1, '0000-00-00 00:00:00', '0000-00-00 00:00:00', 'deposit', 5, 0),
(93, 'G', 4, 0, '2018-01-17 04:45:40', 'D', 100, 100, 'O', 1, '0000-00-00 00:00:00', '0000-00-00 00:00:00', 'deposit', 5, 0),
(94, 'P', 4, 0, '2018-01-18 02:59:24', '1', 100, 100, 'O', 1, '0000-00-00 00:00:00', '0000-00-00 00:00:00', '', 5, 0);

-- --------------------------------------------------------

--
-- Table structure for table `tblhelpdetail`
--

DROP TABLE IF EXISTS `tblhelpdetail`;
CREATE TABLE `tblhelpdetail` (
  `id` int(11) NOT NULL,
  `tran_id` int(11) NOT NULL,
  `help_id` int(11) NOT NULL,
  `mem_id` int(11) NOT NULL,
  `g_type` varchar(1) NOT NULL,
  `oth_id` int(11) NOT NULL,
  `g_date` datetime NOT NULL,
  `g_amount` double NOT NULL,
  `g_timer` datetime NOT NULL,
  `status` varchar(2) NOT NULL,
  `images` text,
  `notes` varchar(256) DEFAULT NULL,
  `stage` int(11) NOT NULL DEFAULT '0',
  `g_payment` datetime DEFAULT NULL,
  `g_confirm` datetime DEFAULT NULL,
  `g_extend` datetime DEFAULT NULL,
  `hash` varchar(30) NOT NULL DEFAULT '',
  `message` varchar(120) NOT NULL DEFAULT ''
) ENGINE=InnoDB DEFAULT CHARSET=utf8;

--
-- Dumping data for table `tblhelpdetail`
--

INSERT INTO `tblhelpdetail` (`id`, `tran_id`, `help_id`, `mem_id`, `g_type`, `oth_id`, `g_date`, `g_amount`, `g_timer`, `status`, `images`, `notes`, `stage`, `g_payment`, `g_confirm`, `g_extend`, `hash`, `message`) VALUES
(1, 1, 23, 4, 'P', 5, '2018-01-12 03:01:47', 100, '2018-01-13 15:24:24', '0', 'uploads/201801/1515741864.png', NULL, 2, '2018-01-12 15:24:24', '2018-01-12 15:27:15', NULL, '', ''),
(2, 1, 24, 5, 'G', 4, '2018-01-12 03:01:47', 100, '2018-01-13 15:24:24', '0', 'uploads/201801/1515741864.png', NULL, 2, '2018-01-12 15:24:24', '2018-01-12 15:27:15', NULL, '', ''),
(3, 2, 25, 41, 'P', 5, '2018-01-12 15:31:20', 4000, '2018-01-13 17:42:14', '0', 'uploads/201801/1515750134.png', NULL, 3, '2018-01-12 17:42:14', NULL, NULL, '', ''),
(4, 2, 24, 5, 'G', 41, '2018-01-12 15:31:20', 4000, '2018-01-13 17:42:14', '0', 'uploads/201801/1515750134.png', NULL, 3, '2018-01-12 17:42:14', NULL, NULL, '', ''),
(5, 3, 1, 4, 'P', 5, '2018-01-12 15:31:36', 700, '2018-01-13 15:33:32', '0', 'uploads/201801/1515742412.jpeg', NULL, 2, '2018-01-12 15:33:32', '2018-01-12 15:36:35', NULL, '', ''),
(6, 3, 24, 5, 'G', 4, '2018-01-12 15:31:36', 700, '2018-01-13 15:33:32', '0', 'uploads/201801/1515742412.jpeg', NULL, 2, '2018-01-12 15:33:32', '2018-01-12 15:36:35', NULL, '', ''),
(7, 4, 11, 4, 'P', 5, '2018-01-12 15:32:37', 200, '2018-01-13 15:33:44', '0', 'uploads/201801/1515742424.png', NULL, 2, '2018-01-12 15:33:44', '2018-01-12 15:36:16', NULL, '', ''),
(8, 4, 24, 5, 'G', 4, '2018-01-12 15:32:37', 200, '2018-01-13 15:33:44', '0', 'uploads/201801/1515742424.png', NULL, 2, '2018-01-12 15:33:44', '2018-01-12 15:36:16', NULL, '', ''),
(9, 5, 11, 4, 'P', 5, '2018-01-12 15:32:37', 100, '2018-01-13 15:34:13', '0', 'uploads/201801/1515742453.jpeg', NULL, 2, '2018-01-12 15:34:13', '2018-01-12 15:36:08', NULL, '', ''),
(10, 5, 27, 5, 'G', 4, '2018-01-12 15:32:37', 100, '2018-01-13 15:34:13', '0', 'uploads/201801/1515742453.jpeg', NULL, 2, '2018-01-12 15:34:13', '2018-01-12 15:36:08', NULL, '', ''),
(11, 6, 11, 4, 'P', 5, '2018-01-12 15:32:37', 200, '2018-01-13 15:34:58', '0', 'uploads/201801/1515742498.jpeg', NULL, 2, '2018-01-12 15:34:58', '2018-01-12 15:35:55', NULL, '', ''),
(12, 6, 26, 5, 'G', 4, '2018-01-12 15:32:37', 200, '2018-01-13 15:34:58', '0', 'uploads/201801/1515742498.jpeg', NULL, 2, '2018-01-12 15:34:58', '2018-01-12 15:35:55', NULL, '', ''),
(13, 7, 30, 5, 'P', 4, '2018-01-12 18:08:02', 100, '2018-01-14 05:10:04', '0', 'uploads/201801/1515791404.png', NULL, 2, '2018-01-13 05:10:04', '2018-01-17 04:06:35', NULL, '', ''),
(14, 7, 34, 4, 'G', 5, '2018-01-12 18:08:02', 100, '2018-01-14 05:10:04', '0', 'uploads/201801/1515791404.png', NULL, 2, '2018-01-13 05:10:04', '2018-01-17 04:06:35', NULL, '', ''),
(15, 8, 33, 5, 'P', 4, '2018-01-12 18:08:07', 100, '2018-01-13 18:48:34', '0', 'uploads/201801/1515754114.jpeg', NULL, 2, '2018-01-12 18:48:34', '2018-01-17 04:06:46', NULL, '', ''),
(16, 8, 35, 4, 'G', 5, '2018-01-12 18:08:07', 100, '2018-01-13 18:48:34', '0', 'uploads/201801/1515754114.jpeg', NULL, 2, '2018-01-12 18:48:34', '2018-01-17 04:06:46', NULL, '', ''),
(17, 9, 33, 5, 'P', 4, '2018-01-12 18:08:07', 100, '2018-01-13 18:09:03', '0', 'uploads/201801/1515751743.png', NULL, 2, '2018-01-12 18:09:03', '2018-01-12 18:47:26', NULL, '', ''),
(18, 9, 28, 4, 'G', 5, '2018-01-12 18:08:07', 100, '2018-01-13 18:09:03', '0', 'uploads/201801/1515751743.png', NULL, 2, '2018-01-12 18:09:03', '2018-01-12 18:47:26', NULL, '', ''),
(19, 10, 41, 4, 'P', 5, '2018-01-13 05:09:09', 100, '2018-01-15 15:21:17', '0', 'uploads/201801/1515914477.jpeg', NULL, 2, '2018-01-14 15:21:17', '2018-01-17 04:05:34', NULL, '', ''),
(20, 10, 36, 5, 'G', 4, '2018-01-13 05:09:09', 100, '2018-01-15 15:21:17', '0', 'uploads/201801/1515914477.jpeg', NULL, 2, '2018-01-14 15:21:17', '2018-01-17 04:05:34', NULL, '', ''),
(21, 11, 51, 5, 'P', 4, '2018-01-13 05:13:06', 100, '2018-01-14 05:14:00', '0', 'uploads/201801/1515791640.jpeg', NULL, 2, '2018-01-13 05:14:00', '2018-01-17 04:06:56', NULL, '', ''),
(22, 11, 28, 4, 'G', 5, '2018-01-13 05:13:06', 100, '2018-01-14 05:14:00', '0', 'uploads/201801/1515791640.jpeg', NULL, 2, '2018-01-13 05:14:00', '2018-01-17 04:06:56', NULL, '', ''),
(23, 12, 59, 5, 'P', 4, '2018-01-13 05:13:09', 100, '2018-01-15 16:26:11', '0', 'uploads/201801/1515918371.png', NULL, 2, '2018-01-14 16:26:11', '2018-01-17 04:07:07', NULL, '', ''),
(24, 12, 28, 4, 'G', 5, '2018-01-13 05:13:09', 100, '2018-01-15 16:26:11', '0', 'uploads/201801/1515918371.png', NULL, 2, '2018-01-14 16:26:11', '2018-01-17 04:07:07', NULL, '', ''),
(25, 13, 61, 5, 'P', 4, '2018-01-13 05:13:11', 100, '2018-01-14 15:40:02', '0', 'uploads/201801/1515829202.jpg', NULL, 2, '2018-01-13 15:40:02', '2018-01-17 04:06:25', NULL, '', ''),
(26, 13, 28, 4, 'G', 5, '2018-01-13 05:13:11', 100, '2018-01-14 15:40:02', '0', 'uploads/201801/1515829202.jpg', NULL, 2, '2018-01-13 15:40:02', '2018-01-17 04:06:25', NULL, '', ''),
(27, 14, 80, 6, 'P', 4, '2018-01-14 03:50:33', 100, '2018-01-15 03:51:52', '0', 'uploads/201801/1515873112.jpeg', NULL, 2, '2018-01-14 03:51:52', '2018-01-14 03:52:36', NULL, '', ''),
(28, 14, 28, 4, 'G', 6, '2018-01-14 03:50:33', 100, '2018-01-15 03:51:52', '0', 'uploads/201801/1515873112.jpeg', NULL, 2, '2018-01-14 03:51:52', '2018-01-14 03:52:36', NULL, '', ''),
(29, 15, 83, 6, 'P', 4, '2018-01-14 16:30:34', 500, '2018-01-16 04:30:34', '0', NULL, NULL, 0, NULL, NULL, NULL, '', ''),
(30, 15, 28, 4, 'G', 6, '2018-01-14 16:30:34', 500, '2018-01-16 04:30:34', '0', NULL, NULL, 0, NULL, NULL, NULL, '', ''),
(31, 16, 83, 6, 'P', 4, '2018-01-14 16:30:34', 500, '2018-01-15 17:04:22', '0', 'uploads/201801/1515920662.png', NULL, 2, '2018-01-14 17:04:22', '2018-01-17 04:04:44', NULL, '', ''),
(32, 16, 87, 4, 'G', 6, '2018-01-14 16:30:34', 500, '2018-01-15 17:04:22', '0', 'uploads/201801/1515920662.png', NULL, 2, '2018-01-14 17:04:22', '2018-01-17 04:04:44', NULL, '', ''),
(33, 17, 84, 6, 'P', 4, '2018-01-14 16:30:39', 1000, '2018-01-15 17:04:04', '0', 'uploads/201801/1515920644.jpeg', NULL, 2, '2018-01-14 17:04:04', '2018-01-17 04:04:37', NULL, '', ''),
(34, 17, 87, 4, 'G', 6, '2018-01-14 16:30:39', 1000, '2018-01-15 17:04:04', '0', 'uploads/201801/1515920644.jpeg', NULL, 2, '2018-01-14 17:04:04', '2018-01-17 04:04:37', NULL, '', ''),
(35, 18, 85, 6, 'P', 4, '2018-01-14 16:30:45', 1000, '2018-01-15 16:45:40', '0', 'uploads/201801/1515919540.png', NULL, 2, '2018-01-14 16:45:40', '2018-01-17 04:04:27', NULL, '', ''),
(36, 18, 87, 4, 'G', 6, '2018-01-14 16:30:45', 1000, '2018-01-15 16:45:40', '0', 'uploads/201801/1515919540.png', NULL, 2, '2018-01-14 16:45:40', '2018-01-17 04:04:27', NULL, '', ''),
(37, 19, 86, 6, 'P', 4, '2018-01-14 16:30:49', 3000, '2018-01-15 16:32:02', '0', 'uploads/201801/1515918722.jpg', NULL, 2, '2018-01-14 16:32:02', '2018-01-17 04:04:09', NULL, '', ''),
(38, 19, 87, 4, 'G', 6, '2018-01-14 16:30:49', 3000, '2018-01-15 16:32:02', '0', 'uploads/201801/1515918722.jpg', NULL, 2, '2018-01-14 16:32:02', '2018-01-17 04:04:09', NULL, '', ''),
(39, 20, 74, 5, 'P', 4, '2018-01-17 19:30:27', 100, '2018-01-19 13:56:03', '0', 'uploads/201801/1516254963.png', NULL, 1, '2018-01-18 13:56:03', NULL, NULL, '', ''),
(40, 20, 87, 4, 'G', 5, '2018-01-17 19:30:27', 100, '2018-01-19 13:56:03', '0', 'uploads/201801/1516254963.png', NULL, 1, '2018-01-18 13:56:03', NULL, NULL, '', ''),
(41, 21, 68, 5, 'P', 4, '2018-01-17 19:30:32', 100, '2018-01-19 07:30:32', '0', NULL, NULL, 0, NULL, NULL, NULL, '', ''),
(42, 21, 87, 4, 'G', 5, '2018-01-17 19:30:32', 100, '2018-01-19 07:30:32', '0', NULL, NULL, 0, NULL, NULL, NULL, '', ''),
(43, 22, 69, 5, 'P', 4, '2018-01-17 19:30:40', 100, '2018-01-19 02:13:32', '0', '', NULL, 2, '2018-01-18 02:13:32', '2018-01-18 02:14:12', NULL, '1', '2'),
(44, 22, 87, 4, 'G', 5, '2018-01-17 19:30:40', 100, '2018-01-19 02:13:32', '0', '', NULL, 2, '2018-01-18 02:13:32', '2018-01-18 02:14:12', NULL, '1', '2'),
(45, 23, 66, 5, 'P', 4, '2018-01-17 19:30:43', 3000, '2018-01-19 01:48:51', '0', '', NULL, 2, '2018-01-18 01:48:51', '2018-01-18 02:14:02', NULL, '1', '2'),
(46, 23, 87, 4, 'G', 5, '2018-01-17 19:30:43', 3000, '2018-01-19 01:48:51', '0', '', NULL, 2, '2018-01-18 01:48:51', '2018-01-18 02:14:02', NULL, '1', '2'),
(47, 24, 70, 5, 'P', 4, '2018-01-17 19:30:58', 100, '2018-01-19 01:45:41', '0', '', NULL, 3, '2018-01-18 01:45:41', NULL, NULL, 'asdadasdasdasdasdadadasdas', 'asdasdadadasdsa'),
(48, 24, 87, 4, 'G', 5, '2018-01-17 19:30:58', 100, '2018-01-19 01:45:41', '0', '', NULL, 3, '2018-01-18 01:45:41', NULL, NULL, 'asdadasdasdasdasdadadasdas', 'asdasdadadasdsa'),
(49, 25, 71, 5, 'P', 4, '2018-01-17 19:31:01', 100, '2018-01-19 01:31:30', '0', '', NULL, 2, '2018-01-18 01:31:30', '2018-01-18 02:08:48', NULL, '', ''),
(50, 25, 87, 4, 'G', 5, '2018-01-17 19:31:01', 100, '2018-01-19 01:31:30', '0', '', NULL, 2, '2018-01-18 01:31:30', '2018-01-18 02:08:48', NULL, '', '');

-- --------------------------------------------------------

--
-- Table structure for table `tblmavro`
--

DROP TABLE IF EXISTS `tblmavro`;
CREATE TABLE `tblmavro` (
  `id` int(11) NOT NULL,
  `help_id` int(11) NOT NULL,
  `mem_id` int(11) NOT NULL,
  `email` varchar(50) DEFAULT NULL,
  `username` varchar(30) DEFAULT NULL,
  `m_type` varchar(1) DEFAULT NULL,
  `date_created` datetime NOT NULL,
  `release_days` smallint(6) NOT NULL,
  `category` varchar(1) NOT NULL,
  `real_amount` decimal(10,2) NOT NULL DEFAULT '0.00',
  `nominal_amount` decimal(10,2) NOT NULL DEFAULT '0.00',
  `wallet` smallint(6) NOT NULL,
  `future_amount` decimal(10,2) NOT NULL DEFAULT '0.00',
  `comment` varchar(30) NOT NULL,
  `type` varchar(1) NOT NULL,
  `op_type` varchar(1) NOT NULL,
  `bonus` decimal(10,2) NOT NULL DEFAULT '0.00',
  `plan` int(11) NOT NULL DEFAULT '0',
  `ctr` int(11) NOT NULL DEFAULT '0',
  `date_close` datetime NOT NULL DEFAULT '0000-00-00 00:00:00',
  `date_release` datetime NOT NULL DEFAULT '0000-00-00 00:00:00',
  `op_level` int(11) NOT NULL DEFAULT '0',
  `incentive` decimal(8,2) NOT NULL DEFAULT '0.00'
) ENGINE=InnoDB DEFAULT CHARSET=utf8;

--
-- Dumping data for table `tblmavro`
--

INSERT INTO `tblmavro` (`id`, `help_id`, `mem_id`, `email`, `username`, `m_type`, `date_created`, `release_days`, `category`, `real_amount`, `nominal_amount`, `wallet`, `future_amount`, `comment`, `type`, `op_type`, `bonus`, `plan`, `ctr`, `date_close`, `date_release`, `op_level`, `incentive`) VALUES
(1, 0, 5, NULL, 'gaozong', NULL, '2018-01-10 17:54:58', 0, '1', '0.00', '40.00', 4, '40.00', 'gaozong', 'N', 'N', '0.00', 0, 0, '0000-00-00 00:00:00', '0000-00-00 00:00:00', 0, '0.00'),
(2, 0, 4, NULL, 'gaozong', NULL, '2018-01-10 17:54:58', 0, '1', '0.00', '20.00', 4, '20.00', 'gaozong', 'N', 'N', '0.00', 0, 0, '0000-00-00 00:00:00', '0000-00-00 00:00:00', 0, '0.00'),
(3, 1, 4, NULL, 'jjroot', NULL, '2018-01-10 19:00:05', 15, '1', '700.00', '700.00', 1, '742.00', 'jjroot', 'C', 'B', '0.00', 1, 1, '2018-01-17 04:42:38', '2018-01-12 15:36:35', 0, '0.00'),
(4, 11, 4, NULL, 'jjroot', NULL, '2018-01-10 22:58:36', 15, '1', '1400.00', '1400.00', 1, '1666.00', 'jjroot', 'U', 'B', '0.00', 1, 2, '0000-00-00 00:00:00', '0000-00-00 00:00:00', 0, '0.00'),
(5, 12, 5, NULL, 'mem001', NULL, '2018-01-10 23:06:14', 15, '1', '1000.00', '1000.00', 1, '1190.00', 'mem001', 'U', 'B', '0.00', 1, 1, '0000-00-00 00:00:00', '0000-00-00 00:00:00', 0, '0.00'),
(6, 12, 4, NULL, 'mem001', NULL, '2018-01-10 23:06:14', 0, '1', '0.00', '1000.00', 2, '50.00', 'mem001', 'U', 'R', '0.00', 0, 0, '0000-00-00 00:00:00', '0000-00-00 00:00:00', 0, '0.00'),
(7, 12, 4, NULL, 'mem001', NULL, '2018-01-10 23:06:14', 0, '1', '0.00', '1000.00', 3, '60.00', 'mem001', 'U', 'M', '0.00', 0, 0, '0000-00-00 00:00:00', '0000-00-00 00:00:00', 1, '0.00'),
(8, 18, 4, NULL, 'jjroot', NULL, '2018-01-12 01:59:48', 15, '1', '700.00', '700.00', 1, '826.00', 'jjroot', 'U', 'B', '0.00', 1, 3, '0000-00-00 00:00:00', '0000-00-00 00:00:00', 0, '0.00'),
(9, 23, 4, NULL, 'jjroot', NULL, '2018-01-12 02:44:32', 15, '1', '100.00', '100.00', 1, '105.00', 'jjroot', 'C', 'B', '0.00', 1, 4, '2018-01-17 04:42:38', '2018-01-12 15:27:15', 0, '0.00'),
(10, 0, 41, NULL, 'gao001', NULL, '2018-01-12 06:15:11', 0, '1', '0.00', '40.00', 4, '40.00', 'gao001', 'N', 'N', '0.00', 0, 0, '0000-00-00 00:00:00', '0000-00-00 00:00:00', 0, '0.00'),
(11, 0, 5, NULL, 'gao001', NULL, '2018-01-12 06:15:11', 0, '1', '0.00', '20.00', 4, '20.00', 'gao001', 'N', 'N', '0.00', 0, 0, '0000-00-00 00:00:00', '0000-00-00 00:00:00', 0, '0.00'),
(12, 0, 4, NULL, 'gao001', NULL, '2018-01-12 06:15:11', 0, '1', '0.00', '20.00', 4, '20.00', 'gao001', 'N', 'N', '0.00', 0, 0, '0000-00-00 00:00:00', '0000-00-00 00:00:00', 0, '0.00'),
(13, 25, 41, NULL, 'gaozong', NULL, '2018-01-12 06:16:52', 15, '1', '4000.00', '4000.00', 1, '4040.00', 'gaozong', 'U', 'B', '0.00', 1, 1, '0000-00-00 00:00:00', '0000-00-00 00:00:00', 0, '0.00'),
(14, 25, 5, NULL, 'gaozong', NULL, '2018-01-12 06:16:52', 0, '1', '0.00', '4000.00', 2, '200.00', 'gaozong', 'U', 'R', '0.00', 0, 0, '0000-00-00 00:00:00', '0000-00-00 00:00:00', 0, '0.00'),
(15, 25, 5, NULL, 'gaozong', NULL, '2018-01-12 06:16:52', 0, '1', '0.00', '4000.00', 3, '240.00', 'gaozong', 'U', 'M', '0.00', 0, 0, '0000-00-00 00:00:00', '0000-00-00 00:00:00', 1, '0.00'),
(16, 25, 4, NULL, 'gaozong', NULL, '2018-01-12 06:16:52', 0, '1', '0.00', '4000.00', 3, '120.00', 'gaozong', 'U', 'M', '0.00', 0, 0, '0000-00-00 00:00:00', '0000-00-00 00:00:00', 2, '0.00'),
(17, 30, 5, NULL, 'mem001', NULL, '2018-01-12 18:06:40', 15, '1', '100.00', '100.00', 1, '104.00', 'mem001', 'C', 'B', '0.00', 1, 2, '2018-01-17 04:25:07', '2018-01-17 04:06:35', 0, '0.00'),
(18, 30, 4, NULL, 'mem001', NULL, '2018-01-12 18:06:40', 0, '1', '0.00', '100.00', 2, '5.00', 'mem001', 'C', 'R', '0.00', 0, 0, '0000-00-00 00:00:00', '2018-01-17 04:06:35', 0, '0.00'),
(19, 30, 4, NULL, 'mem001', NULL, '2018-01-12 18:06:40', 0, '1', '0.00', '100.00', 3, '6.00', 'mem001', 'C', 'M', '0.00', 0, 0, '0000-00-00 00:00:00', '2018-01-17 04:06:35', 1, '0.00'),
(20, 33, 5, NULL, 'mem001', NULL, '2018-01-12 18:06:48', 15, '1', '200.00', '200.00', 1, '208.00', 'mem001', 'C', 'B', '0.00', 1, 3, '2018-01-17 04:25:07', '2018-01-17 04:06:46', 0, '0.00'),
(21, 33, 4, NULL, 'mem001', NULL, '2018-01-12 18:06:48', 0, '1', '0.00', '200.00', 2, '10.00', 'mem001', 'C', 'R', '0.00', 0, 0, '0000-00-00 00:00:00', '2018-01-17 04:06:46', 0, '0.00'),
(22, 33, 4, NULL, 'mem001', NULL, '2018-01-12 18:06:48', 0, '1', '0.00', '200.00', 3, '12.00', 'mem001', 'C', 'M', '0.00', 0, 0, '0000-00-00 00:00:00', '2018-01-17 04:06:46', 1, '0.00'),
(23, 41, 4, NULL, 'jjroot', NULL, '2018-01-13 05:08:18', 15, '1', '100.00', '100.00', 1, '104.00', 'jjroot', 'C', 'B', '0.00', 1, 5, '2018-01-17 04:42:38', '2018-01-17 04:05:34', 0, '0.00'),
(24, 50, 4, NULL, 'jjroot', NULL, '2018-01-13 05:08:27', 15, '1', '200.00', '200.00', 1, '234.00', 'jjroot', 'U', 'B', '0.00', 1, 6, '0000-00-00 00:00:00', '0000-00-00 00:00:00', 0, '0.00'),
(25, 51, 5, NULL, 'mem001', NULL, '2018-01-13 05:12:28', 15, '1', '100.00', '100.00', 1, '104.00', 'mem001', 'C', 'B', '0.00', 1, 4, '2018-01-17 04:25:07', '2018-01-17 04:06:56', 0, '0.00'),
(26, 51, 4, NULL, 'mem001', NULL, '2018-01-13 05:12:28', 0, '1', '0.00', '100.00', 2, '5.00', 'mem001', 'C', 'R', '0.00', 0, 0, '0000-00-00 00:00:00', '2018-01-17 04:06:56', 0, '0.00'),
(27, 51, 4, NULL, 'mem001', NULL, '2018-01-13 05:12:28', 0, '1', '0.00', '100.00', 3, '6.00', 'mem001', 'C', 'M', '0.00', 0, 0, '0000-00-00 00:00:00', '2018-01-17 04:06:56', 1, '0.00'),
(28, 59, 5, NULL, 'mem001', NULL, '2018-01-13 05:12:35', 15, '1', '100.00', '100.00', 1, '104.00', 'mem001', 'C', 'B', '0.00', 1, 5, '2018-01-17 04:25:07', '2018-01-17 04:07:07', 0, '0.00'),
(29, 59, 4, NULL, 'mem001', NULL, '2018-01-13 05:12:35', 0, '1', '0.00', '100.00', 2, '5.00', 'mem001', 'C', 'R', '0.00', 0, 0, '0000-00-00 00:00:00', '2018-01-17 04:07:07', 0, '0.00'),
(30, 59, 4, NULL, 'mem001', NULL, '2018-01-13 05:12:35', 0, '1', '0.00', '100.00', 3, '6.00', 'mem001', 'C', 'M', '0.00', 0, 0, '0000-00-00 00:00:00', '2018-01-17 04:07:07', 1, '0.00'),
(31, 61, 5, NULL, 'mem001', NULL, '2018-01-13 05:12:39', 15, '1', '100.00', '100.00', 1, '104.00', 'mem001', 'C', 'B', '0.00', 1, 6, '2018-01-17 04:25:07', '2018-01-17 04:06:25', 0, '0.00'),
(32, 61, 4, NULL, 'mem001', NULL, '2018-01-13 05:12:39', 0, '1', '0.00', '100.00', 2, '5.00', 'mem001', 'C', 'R', '0.00', 0, 0, '0000-00-00 00:00:00', '2018-01-17 04:06:25', 0, '0.00'),
(33, 61, 4, NULL, 'mem001', NULL, '2018-01-13 05:12:39', 0, '1', '0.00', '100.00', 3, '6.00', 'mem001', 'C', 'M', '0.00', 0, 0, '0000-00-00 00:00:00', '2018-01-17 04:06:25', 1, '0.00'),
(34, 62, 5, NULL, 'mem001', NULL, '2018-01-13 18:58:20', 15, '1', '1000.00', '1000.00', 1, '1160.00', 'mem001', 'U', 'B', '0.00', 1, 7, '0000-00-00 00:00:00', '0000-00-00 00:00:00', 0, '0.00'),
(35, 62, 4, NULL, 'mem001', NULL, '2018-01-13 18:58:20', 0, '1', '0.00', '1000.00', 2, '50.00', 'mem001', 'U', 'R', '0.00', 0, 0, '0000-00-00 00:00:00', '0000-00-00 00:00:00', 0, '0.00'),
(36, 62, 4, NULL, 'mem001', NULL, '2018-01-13 18:58:20', 0, '1', '0.00', '1000.00', 3, '60.00', 'mem001', 'U', 'M', '0.00', 0, 0, '0000-00-00 00:00:00', '0000-00-00 00:00:00', 1, '0.00'),
(37, 63, 5, NULL, 'mem001', NULL, '2018-01-14 01:52:38', 15, '1', '1000.00', '1000.00', 1, '1160.00', 'mem001', 'U', 'B', '0.00', 1, 8, '0000-00-00 00:00:00', '0000-00-00 00:00:00', 0, '0.00'),
(38, 63, 4, NULL, 'mem001', NULL, '2018-01-14 01:52:38', 0, '1', '0.00', '1000.00', 2, '50.00', 'mem001', 'U', 'R', '0.00', 0, 0, '0000-00-00 00:00:00', '0000-00-00 00:00:00', 0, '0.00'),
(39, 63, 4, NULL, 'mem001', NULL, '2018-01-14 01:52:38', 0, '1', '0.00', '1000.00', 3, '60.00', 'mem001', 'U', 'M', '0.00', 0, 0, '0000-00-00 00:00:00', '0000-00-00 00:00:00', 1, '0.00'),
(40, 64, 5, NULL, 'mem001', NULL, '2018-01-14 01:54:52', 15, '1', '1000.00', '1000.00', 1, '1160.00', 'mem001', 'U', 'B', '0.00', 1, 9, '0000-00-00 00:00:00', '0000-00-00 00:00:00', 0, '0.00'),
(41, 64, 4, NULL, 'mem001', NULL, '2018-01-14 01:54:52', 0, '1', '0.00', '1000.00', 2, '50.00', 'mem001', 'U', 'R', '0.00', 0, 0, '0000-00-00 00:00:00', '0000-00-00 00:00:00', 0, '0.00'),
(42, 64, 4, NULL, 'mem001', NULL, '2018-01-14 01:54:52', 0, '1', '0.00', '1000.00', 3, '60.00', 'mem001', 'U', 'M', '0.00', 0, 0, '0000-00-00 00:00:00', '0000-00-00 00:00:00', 1, '0.00'),
(43, 65, 5, NULL, 'mem001', NULL, '2018-01-14 02:08:17', 15, '1', '1000.00', '1000.00', 1, '1160.00', 'mem001', 'U', 'B', '0.00', 1, 10, '0000-00-00 00:00:00', '0000-00-00 00:00:00', 0, '0.00'),
(44, 65, 4, NULL, 'mem001', NULL, '2018-01-14 02:08:17', 0, '1', '0.00', '1000.00', 2, '50.00', 'mem001', 'U', 'R', '0.00', 0, 0, '0000-00-00 00:00:00', '0000-00-00 00:00:00', 0, '0.00'),
(45, 65, 4, NULL, 'mem001', NULL, '2018-01-14 02:08:17', 0, '1', '0.00', '1000.00', 3, '60.00', 'mem001', 'U', 'M', '0.00', 0, 0, '0000-00-00 00:00:00', '0000-00-00 00:00:00', 1, '0.00'),
(46, 66, 5, NULL, 'mem001', NULL, '2018-01-14 02:26:35', 15, '1', '3000.00', '3000.00', 1, '3480.00', 'mem001', 'C', 'B', '0.00', 1, 11, '0000-00-00 00:00:00', '2018-01-18 02:14:02', 0, '0.00'),
(47, 66, 4, NULL, 'mem001', NULL, '2018-01-14 02:26:35', 0, '1', '0.00', '3000.00', 2, '150.00', 'mem001', 'C', 'R', '0.00', 0, 0, '0000-00-00 00:00:00', '2018-01-18 02:14:02', 0, '0.00'),
(48, 66, 4, NULL, 'mem001', NULL, '2018-01-14 02:26:35', 0, '1', '0.00', '3000.00', 3, '180.00', 'mem001', 'C', 'M', '0.00', 0, 0, '0000-00-00 00:00:00', '2018-01-18 02:14:02', 1, '0.00'),
(49, 67, 5, NULL, 'mem001', NULL, '2018-01-14 02:29:25', 15, '1', '1000.00', '1000.00', 1, '1160.00', 'mem001', 'U', 'B', '0.00', 1, 12, '0000-00-00 00:00:00', '0000-00-00 00:00:00', 0, '0.00'),
(50, 67, 4, NULL, 'mem001', NULL, '2018-01-14 02:29:25', 0, '1', '0.00', '1000.00', 2, '50.00', 'mem001', 'U', 'R', '0.00', 0, 0, '0000-00-00 00:00:00', '0000-00-00 00:00:00', 0, '0.00'),
(51, 67, 4, NULL, 'mem001', NULL, '2018-01-14 02:29:25', 0, '1', '0.00', '1000.00', 3, '60.00', 'mem001', 'U', 'M', '0.00', 0, 0, '0000-00-00 00:00:00', '0000-00-00 00:00:00', 1, '0.00'),
(52, 68, 5, NULL, 'mem001', NULL, '2018-01-14 03:01:06', 15, '1', '100.00', '100.00', 1, '116.00', 'mem001', 'U', 'B', '0.00', 1, 13, '0000-00-00 00:00:00', '0000-00-00 00:00:00', 0, '0.00'),
(53, 68, 4, NULL, 'mem001', NULL, '2018-01-14 03:01:06', 0, '1', '0.00', '100.00', 2, '5.00', 'mem001', 'U', 'R', '0.00', 0, 0, '0000-00-00 00:00:00', '0000-00-00 00:00:00', 0, '0.00'),
(54, 68, 4, NULL, 'mem001', NULL, '2018-01-14 03:01:06', 0, '1', '0.00', '100.00', 3, '6.00', 'mem001', 'U', 'M', '0.00', 0, 0, '0000-00-00 00:00:00', '0000-00-00 00:00:00', 1, '0.00'),
(55, 69, 5, NULL, 'mem001', NULL, '2018-01-14 03:01:20', 15, '1', '100.00', '100.00', 1, '116.00', 'mem001', 'C', 'B', '0.00', 1, 14, '0000-00-00 00:00:00', '2018-01-18 02:14:12', 0, '0.00'),
(56, 69, 4, NULL, 'mem001', NULL, '2018-01-14 03:01:20', 0, '1', '0.00', '100.00', 2, '5.00', 'mem001', 'C', 'R', '0.00', 0, 0, '0000-00-00 00:00:00', '2018-01-18 02:14:12', 0, '0.00'),
(57, 69, 4, NULL, 'mem001', NULL, '2018-01-14 03:01:20', 0, '1', '0.00', '100.00', 3, '6.00', 'mem001', 'C', 'M', '0.00', 0, 0, '0000-00-00 00:00:00', '2018-01-18 02:14:12', 1, '0.00'),
(58, 70, 5, NULL, 'mem001', NULL, '2018-01-14 03:02:17', 15, '1', '100.00', '100.00', 1, '116.00', 'mem001', 'U', 'B', '0.00', 1, 15, '0000-00-00 00:00:00', '0000-00-00 00:00:00', 0, '0.00'),
(59, 70, 4, NULL, 'mem001', NULL, '2018-01-14 03:02:17', 0, '1', '0.00', '100.00', 2, '5.00', 'mem001', 'U', 'R', '0.00', 0, 0, '0000-00-00 00:00:00', '0000-00-00 00:00:00', 0, '0.00'),
(60, 70, 4, NULL, 'mem001', NULL, '2018-01-14 03:02:17', 0, '1', '0.00', '100.00', 3, '6.00', 'mem001', 'U', 'M', '0.00', 0, 0, '0000-00-00 00:00:00', '0000-00-00 00:00:00', 1, '0.00'),
(61, 71, 5, NULL, 'mem001', NULL, '2018-01-14 03:02:26', 15, '1', '100.00', '100.00', 1, '116.00', 'mem001', 'C', 'B', '0.00', 1, 16, '0000-00-00 00:00:00', '2018-01-18 02:08:48', 0, '0.00'),
(62, 71, 4, NULL, 'mem001', NULL, '2018-01-14 03:02:26', 0, '1', '0.00', '100.00', 2, '5.00', 'mem001', 'C', 'R', '0.00', 0, 0, '0000-00-00 00:00:00', '2018-01-18 02:08:48', 0, '0.00'),
(63, 71, 4, NULL, 'mem001', NULL, '2018-01-14 03:02:26', 0, '1', '0.00', '100.00', 3, '6.00', 'mem001', 'C', 'M', '0.00', 0, 0, '0000-00-00 00:00:00', '2018-01-18 02:08:48', 1, '0.00'),
(64, 72, 5, NULL, 'mem001', NULL, '2018-01-14 03:05:45', 15, '1', '100.00', '100.00', 1, '116.00', 'mem001', 'U', 'B', '0.00', 1, 17, '0000-00-00 00:00:00', '0000-00-00 00:00:00', 0, '0.00'),
(65, 72, 4, NULL, 'mem001', NULL, '2018-01-14 03:05:45', 0, '1', '0.00', '100.00', 2, '5.00', 'mem001', 'U', 'R', '0.00', 0, 0, '0000-00-00 00:00:00', '0000-00-00 00:00:00', 0, '0.00'),
(66, 72, 4, NULL, 'mem001', NULL, '2018-01-14 03:05:45', 0, '1', '0.00', '100.00', 3, '6.00', 'mem001', 'U', 'M', '0.00', 0, 0, '0000-00-00 00:00:00', '0000-00-00 00:00:00', 1, '0.00'),
(67, 73, 5, NULL, 'mem001', NULL, '2018-01-14 03:06:48', 15, '1', '100.00', '100.00', 1, '116.00', 'mem001', 'U', 'B', '0.00', 1, 18, '0000-00-00 00:00:00', '0000-00-00 00:00:00', 0, '0.00'),
(68, 73, 4, NULL, 'mem001', NULL, '2018-01-14 03:06:48', 0, '1', '0.00', '100.00', 2, '5.00', 'mem001', 'U', 'R', '0.00', 0, 0, '0000-00-00 00:00:00', '0000-00-00 00:00:00', 0, '0.00'),
(69, 73, 4, NULL, 'mem001', NULL, '2018-01-14 03:06:48', 0, '1', '0.00', '100.00', 3, '6.00', 'mem001', 'U', 'M', '0.00', 0, 0, '0000-00-00 00:00:00', '0000-00-00 00:00:00', 1, '0.00'),
(70, 74, 5, NULL, 'mem001', NULL, '2018-01-14 03:07:17', 15, '1', '100.00', '100.00', 1, '116.00', 'mem001', 'U', 'B', '0.00', 1, 19, '0000-00-00 00:00:00', '0000-00-00 00:00:00', 0, '0.00'),
(71, 74, 4, NULL, 'mem001', NULL, '2018-01-14 03:07:17', 0, '1', '0.00', '100.00', 2, '5.00', 'mem001', 'U', 'R', '0.00', 0, 0, '0000-00-00 00:00:00', '0000-00-00 00:00:00', 0, '0.00'),
(72, 74, 4, NULL, 'mem001', NULL, '2018-01-14 03:07:17', 0, '1', '0.00', '100.00', 3, '6.00', 'mem001', 'U', 'M', '0.00', 0, 0, '0000-00-00 00:00:00', '0000-00-00 00:00:00', 1, '0.00'),
(73, 75, 5, NULL, 'mem001', NULL, '2018-01-14 03:07:25', 15, '1', '300.00', '300.00', 1, '348.00', 'mem001', 'U', 'B', '0.00', 1, 20, '0000-00-00 00:00:00', '0000-00-00 00:00:00', 0, '0.00'),
(74, 75, 4, NULL, 'mem001', NULL, '2018-01-14 03:07:25', 0, '1', '0.00', '300.00', 2, '15.00', 'mem001', 'U', 'R', '0.00', 0, 0, '0000-00-00 00:00:00', '0000-00-00 00:00:00', 0, '0.00'),
(75, 75, 4, NULL, 'mem001', NULL, '2018-01-14 03:07:25', 0, '1', '0.00', '300.00', 3, '18.00', 'mem001', 'U', 'M', '0.00', 0, 0, '0000-00-00 00:00:00', '0000-00-00 00:00:00', 1, '0.00'),
(76, 76, 5, NULL, 'mem001', NULL, '2018-01-14 03:15:19', 15, '1', '1000.00', '1000.00', 1, '1160.00', 'mem001', 'U', 'B', '0.00', 1, 21, '0000-00-00 00:00:00', '0000-00-00 00:00:00', 0, '0.00'),
(77, 76, 4, NULL, 'mem001', NULL, '2018-01-14 03:15:19', 0, '1', '0.00', '1000.00', 2, '50.00', 'mem001', 'U', 'R', '0.00', 0, 0, '0000-00-00 00:00:00', '0000-00-00 00:00:00', 0, '0.00'),
(78, 76, 4, NULL, 'mem001', NULL, '2018-01-14 03:15:19', 0, '1', '0.00', '1000.00', 3, '60.00', 'mem001', 'U', 'M', '0.00', 0, 0, '0000-00-00 00:00:00', '0000-00-00 00:00:00', 1, '0.00'),
(79, 77, 5, NULL, 'mem001', NULL, '2018-01-14 03:19:43', 15, '1', '100.00', '100.00', 1, '116.00', 'mem001', 'U', 'B', '0.00', 1, 22, '0000-00-00 00:00:00', '0000-00-00 00:00:00', 0, '0.00'),
(80, 77, 4, NULL, 'mem001', NULL, '2018-01-14 03:19:43', 0, '1', '0.00', '100.00', 2, '5.00', 'mem001', 'U', 'R', '0.00', 0, 0, '0000-00-00 00:00:00', '0000-00-00 00:00:00', 0, '0.00'),
(81, 77, 4, NULL, 'mem001', NULL, '2018-01-14 03:19:43', 0, '1', '0.00', '100.00', 3, '6.00', 'mem001', 'U', 'M', '0.00', 0, 0, '0000-00-00 00:00:00', '0000-00-00 00:00:00', 1, '0.00'),
(90, 80, 6, NULL, 'mem002', NULL, '2018-01-14 03:41:25', 15, '1', '100.00', '100.00', 1, '100.00', 'mem002', 'C', 'B', '0.00', 1, 1, '2018-01-14 03:56:05', '2018-01-14 03:52:36', 0, '0.00'),
(91, 80, 5, NULL, 'mem002', NULL, '2018-01-14 03:41:25', 0, '1', '0.00', '100.00', 2, '5.00', 'mem002', 'C', 'R', '0.00', 0, 0, '0000-00-00 00:00:00', '2018-01-14 03:52:36', 0, '0.00'),
(92, 80, 5, NULL, 'mem002', NULL, '2018-01-14 03:41:25', 0, '1', '0.00', '100.00', 3, '6.00', 'mem002', 'C', 'M', '0.00', 0, 0, '0000-00-00 00:00:00', '2018-01-14 03:52:36', 1, '0.00'),
(93, 80, 4, NULL, 'mem002', NULL, '2018-01-14 03:41:25', 0, '1', '0.00', '100.00', 3, '3.00', 'mem002', 'C', 'M', '0.00', 0, 0, '0000-00-00 00:00:00', '2018-02-13 03:52:36', 2, '0.00'),
(94, 0, 6, '', NULL, NULL, '2018-01-14 03:56:05', 0, '1', '-100.00', '-100.00', 4, '-100.00', 'From Deposit', 'C', 'B', '0.00', 0, 0, '0000-00-00 00:00:00', '0000-00-00 00:00:00', 0, '0.00'),
(95, 0, 6, NULL, 'mem201', NULL, '2018-01-14 04:03:28', 0, '1', '0.00', '40.00', 4, '40.00', 'mem201', 'N', 'N', '0.00', 0, 0, '0000-00-00 00:00:00', '0000-00-00 00:00:00', 0, '0.00'),
(96, 0, 5, NULL, 'mem201', NULL, '2018-01-14 04:03:28', 0, '1', '0.00', '20.00', 4, '20.00', 'mem201', 'N', 'N', '0.00', 0, 0, '0000-00-00 00:00:00', '0000-00-00 00:00:00', 0, '0.00'),
(97, 0, 4, NULL, 'mem201', NULL, '2018-01-14 04:03:28', 0, '1', '0.00', '20.00', 4, '20.00', 'mem201', 'N', 'N', '0.00', 0, 0, '0000-00-00 00:00:00', '0000-00-00 00:00:00', 0, '0.00'),
(98, 82, 43, NULL, 'mem201', NULL, '2018-01-14 04:07:13', 15, '1', '100.00', '100.00', 1, '100.00', 'mem201', 'U', 'B', '0.00', 1, 1, '0000-00-00 00:00:00', '0000-00-00 00:00:00', 0, '0.00'),
(99, 82, 6, NULL, 'mem201', NULL, '2018-01-14 04:07:13', 0, '1', '0.00', '100.00', 2, '5.00', 'mem201', 'U', 'R', '0.00', 0, 0, '0000-00-00 00:00:00', '0000-00-00 00:00:00', 0, '0.00'),
(100, 82, 6, NULL, 'mem201', NULL, '2018-01-14 04:07:13', 0, '1', '0.00', '100.00', 3, '6.00', 'mem201', 'U', 'M', '0.00', 0, 0, '0000-00-00 00:00:00', '0000-00-00 00:00:00', 1, '0.00'),
(101, 82, 5, NULL, 'mem201', NULL, '2018-01-14 04:07:13', 0, '1', '0.00', '100.00', 3, '3.00', 'mem201', 'U', 'M', '0.00', 0, 0, '0000-00-00 00:00:00', '0000-00-00 00:00:00', 2, '0.00'),
(102, 82, 4, NULL, 'mem201', NULL, '2018-01-14 04:07:13', 0, '1', '0.00', '100.00', 3, '2.00', 'mem201', 'U', 'M', '0.00', 0, 0, '0000-00-00 00:00:00', '0000-00-00 00:00:00', 3, '0.00'),
(103, 83, 6, NULL, 'mem002', NULL, '2018-01-14 16:28:48', 15, '1', '1000.00', '1000.00', 1, '1000.00', 'mem002', 'U', 'B', '0.00', 1, 2, '0000-00-00 00:00:00', '0000-00-00 00:00:00', 0, '0.00'),
(104, 83, 5, NULL, 'mem002', NULL, '2018-01-14 16:28:48', 0, '1', '0.00', '1000.00', 2, '50.00', 'mem002', 'U', 'R', '0.00', 0, 0, '0000-00-00 00:00:00', '0000-00-00 00:00:00', 0, '0.00'),
(105, 83, 5, NULL, 'mem002', NULL, '2018-01-14 16:28:48', 0, '1', '0.00', '1000.00', 3, '60.00', 'mem002', 'U', 'M', '0.00', 0, 0, '0000-00-00 00:00:00', '0000-00-00 00:00:00', 1, '0.00'),
(106, 83, 4, NULL, 'mem002', NULL, '2018-01-14 16:28:48', 0, '1', '0.00', '1000.00', 3, '30.00', 'mem002', 'U', 'M', '0.00', 0, 0, '0000-00-00 00:00:00', '0000-00-00 00:00:00', 2, '0.00'),
(107, 84, 6, NULL, 'mem002', NULL, '2018-01-14 16:29:01', 15, '1', '1000.00', '1000.00', 1, '1000.00', 'mem002', 'C', 'B', '0.00', 1, 3, '0000-00-00 00:00:00', '2018-01-17 04:04:37', 0, '0.00'),
(108, 84, 5, NULL, 'mem002', NULL, '2018-01-14 16:29:01', 0, '1', '0.00', '1000.00', 2, '50.00', 'mem002', 'C', 'R', '0.00', 0, 0, '0000-00-00 00:00:00', '2018-01-17 04:04:37', 0, '0.00'),
(109, 84, 5, NULL, 'mem002', NULL, '2018-01-14 16:29:01', 0, '1', '0.00', '1000.00', 3, '60.00', 'mem002', 'C', 'M', '0.00', 0, 0, '0000-00-00 00:00:00', '2018-01-17 04:04:37', 1, '0.00'),
(110, 84, 4, NULL, 'mem002', NULL, '2018-01-14 16:29:01', 0, '1', '0.00', '1000.00', 3, '30.00', 'mem002', 'C', 'M', '0.00', 0, 0, '0000-00-00 00:00:00', '2018-02-16 04:04:37', 2, '0.00'),
(111, 85, 6, NULL, 'mem002', NULL, '2018-01-14 16:29:10', 15, '1', '1000.00', '1000.00', 1, '1000.00', 'mem002', 'C', 'B', '0.00', 1, 4, '0000-00-00 00:00:00', '2018-01-17 04:04:27', 0, '0.00'),
(112, 85, 5, NULL, 'mem002', NULL, '2018-01-14 16:29:10', 0, '1', '0.00', '1000.00', 2, '50.00', 'mem002', 'C', 'R', '0.00', 0, 0, '0000-00-00 00:00:00', '2018-01-17 04:04:27', 0, '0.00'),
(113, 85, 5, NULL, 'mem002', NULL, '2018-01-14 16:29:10', 0, '1', '0.00', '1000.00', 3, '60.00', 'mem002', 'C', 'M', '0.00', 0, 0, '0000-00-00 00:00:00', '2018-01-17 04:04:27', 1, '0.00'),
(114, 85, 4, NULL, 'mem002', NULL, '2018-01-14 16:29:10', 0, '1', '0.00', '1000.00', 3, '30.00', 'mem002', 'C', 'M', '0.00', 0, 0, '0000-00-00 00:00:00', '2018-02-16 04:04:27', 2, '0.00'),
(115, 86, 6, NULL, 'mem002', NULL, '2018-01-14 16:29:20', 15, '1', '3000.00', '3000.00', 1, '3000.00', 'mem002', 'C', 'B', '0.00', 1, 5, '0000-00-00 00:00:00', '2018-01-17 04:04:09', 0, '0.00'),
(116, 86, 5, NULL, 'mem002', NULL, '2018-01-14 16:29:20', 0, '1', '0.00', '3000.00', 2, '150.00', 'mem002', 'C', 'R', '0.00', 0, 0, '0000-00-00 00:00:00', '2018-01-17 04:04:09', 0, '0.00'),
(117, 86, 5, NULL, 'mem002', NULL, '2018-01-14 16:29:20', 0, '1', '0.00', '3000.00', 3, '180.00', 'mem002', 'C', 'M', '0.00', 0, 0, '0000-00-00 00:00:00', '2018-01-17 04:04:09', 1, '0.00'),
(118, 86, 4, NULL, 'mem002', NULL, '2018-01-14 16:29:20', 0, '1', '0.00', '3000.00', 3, '90.00', 'mem002', 'C', 'M', '0.00', 0, 0, '0000-00-00 00:00:00', '2018-02-16 04:04:09', 2, '0.00'),
(119, 0, 5, '', NULL, NULL, '2018-01-17 04:25:07', 0, '1', '-100.00', '-100.00', 4, '-100.00', 'From deposit', 'C', 'D', '0.00', 0, 0, '0000-00-00 00:00:00', '0000-00-00 00:00:00', 0, '0.00'),
(120, 0, 5, '', NULL, NULL, '2018-01-17 04:26:09', 0, '1', '-100.00', '-100.00', 4, '-100.00', 'From deposit', 'C', 'D', '0.00', 0, 0, '0000-00-00 00:00:00', '0000-00-00 00:00:00', 0, '0.00'),
(121, 0, 4, '', NULL, NULL, '2018-01-17 04:42:38', 0, '1', '-100.00', '-100.00', 4, '-100.00', 'From deposit', 'C', 'D', '0.00', 0, 0, '0000-00-00 00:00:00', '0000-00-00 00:00:00', 0, '0.00'),
(122, 0, 4, '', NULL, NULL, '2018-01-17 04:42:53', 0, '1', '-100.00', '-100.00', 4, '-100.00', 'From deposit', 'C', 'D', '0.00', 0, 0, '0000-00-00 00:00:00', '0000-00-00 00:00:00', 0, '0.00'),
(123, 0, 4, '', NULL, NULL, '2018-01-17 04:45:32', 0, '1', '-100.00', '-100.00', 4, '-100.00', 'From deposit', 'C', 'B', '0.00', 0, 0, '0000-00-00 00:00:00', '0000-00-00 00:00:00', 0, '0.00'),
(124, 0, 4, '', NULL, NULL, '2018-01-17 04:45:40', 0, '1', '-100.00', '-100.00', 4, '-100.00', 'From deposit', 'C', 'B', '0.00', 0, 0, '0000-00-00 00:00:00', '0000-00-00 00:00:00', 0, '0.00'),
(125, 94, 4, NULL, 'jjroot', NULL, '2018-01-18 02:59:24', 15, '1', '100.00', '100.00', 1, '112.00', 'jjroot', 'U', 'B', '0.00', 1, 7, '0000-00-00 00:00:00', '0000-00-00 00:00:00', 0, '0.00'),
(126, 0, 4, NULL, 'dadsas', NULL, '2018-01-28 04:21:30', 0, '1', '0.00', '40.00', 4, '40.00', 'dadsas', 'N', 'N', '0.00', 0, 0, '0000-00-00 00:00:00', '0000-00-00 00:00:00', 0, '0.00'),
(127, 0, 4, NULL, 'addada', NULL, '2018-01-28 05:36:27', 0, '1', '0.00', '40.00', 4, '40.00', 'addada', 'N', 'N', '0.00', 0, 0, '0000-00-00 00:00:00', '0000-00-00 00:00:00', 0, '0.00'),
(128, 0, 5, NULL, 'sdfsdf', NULL, '2018-01-28 05:37:16', 0, '1', '0.00', '40.00', 4, '40.00', 'sdfsdf', 'N', 'N', '0.00', 0, 0, '0000-00-00 00:00:00', '0000-00-00 00:00:00', 0, '0.00'),
(129, 0, 4, NULL, 'sdfsdf', NULL, '2018-01-28 05:37:16', 0, '1', '0.00', '20.00', 4, '20.00', 'sdfsdf', 'N', 'N', '0.00', 0, 0, '0000-00-00 00:00:00', '0000-00-00 00:00:00', 0, '0.00'),
(130, 0, 5, NULL, 'sdsad', NULL, '2018-01-28 06:03:42', 0, '1', '0.00', '40.00', 4, '40.00', 'sdsad', 'N', 'N', '0.00', 0, 0, '0000-00-00 00:00:00', '0000-00-00 00:00:00', 0, '0.00'),
(131, 0, 4, NULL, 'sdsad', NULL, '2018-01-28 06:03:42', 0, '1', '0.00', '20.00', 4, '20.00', 'sdsad', 'N', 'N', '0.00', 0, 0, '0000-00-00 00:00:00', '0000-00-00 00:00:00', 0, '0.00'),
(132, 0, 5, NULL, 'adasd', NULL, '2018-01-28 06:40:20', 0, '1', '0.00', '40.00', 4, '40.00', 'adasd', 'N', 'N', '0.00', 0, 0, '0000-00-00 00:00:00', '0000-00-00 00:00:00', 0, '0.00'),
(133, 0, 4, NULL, 'adasd', NULL, '2018-01-28 06:40:20', 0, '1', '0.00', '20.00', 4, '20.00', 'adasd', 'N', 'N', '0.00', 0, 0, '0000-00-00 00:00:00', '0000-00-00 00:00:00', 0, '0.00'),
(134, 0, 5, NULL, 'aaaaaaaaaa', NULL, '2018-01-28 07:33:13', 0, '1', '0.00', '40.00', 4, '40.00', 'aaaaaaaaaa', 'N', 'N', '0.00', 0, 0, '0000-00-00 00:00:00', '0000-00-00 00:00:00', 0, '0.00'),
(135, 0, 4, NULL, 'aaaaaaaaaa', NULL, '2018-01-28 07:33:13', 0, '1', '0.00', '20.00', 4, '20.00', 'aaaaaaaaaa', 'N', 'N', '0.00', 0, 0, '0000-00-00 00:00:00', '0000-00-00 00:00:00', 0, '0.00'),
(136, 0, 5, NULL, '1231231', NULL, '2018-01-28 07:48:54', 0, '1', '0.00', '40.00', 4, '40.00', '1231231', 'N', 'N', '0.00', 0, 0, '0000-00-00 00:00:00', '0000-00-00 00:00:00', 0, '0.00'),
(137, 0, 4, NULL, '1231231', NULL, '2018-01-28 07:48:54', 0, '1', '0.00', '20.00', 4, '20.00', '1231231', 'N', 'N', '0.00', 0, 0, '0000-00-00 00:00:00', '0000-00-00 00:00:00', 0, '0.00');

-- --------------------------------------------------------

--
-- Table structure for table `tblmember`
--

DROP TABLE IF EXISTS `tblmember`;
CREATE TABLE `tblmember` (
  `id` int(11) NOT NULL,
  `username` varchar(32) DEFAULT NULL,
  `rank` int(11) NOT NULL DEFAULT '1',
  `fullname` varchar(33) DEFAULT NULL,
  `referral` int(11) DEFAULT NULL,
  `manager` int(11) DEFAULT NULL,
  `ref_name` varchar(32) DEFAULT NULL,
  `mgr_name` varchar(32) DEFAULT NULL,
  `email` varchar(40) DEFAULT NULL,
  `password` varchar(40) NOT NULL,
  `password2` varchar(40) DEFAULT NULL,
  `phone` varchar(15) DEFAULT NULL,
  `country` varchar(20) DEFAULT NULL,
  `region` varchar(30) DEFAULT NULL,
  `language` varchar(2) DEFAULT NULL,
  `currency` varchar(3) DEFAULT NULL,
  `date_add` datetime DEFAULT NULL,
  `date_manager` datetime DEFAULT '0000-00-00 00:00:00',
  `last_login` datetime NOT NULL DEFAULT '0000-00-00 00:00:00',
  `last_ip` varchar(20) DEFAULT NULL,
  `wechat` varchar(30) DEFAULT NULL,
  `alipay` varchar(32) DEFAULT NULL,
  `whatsapp` varchar(32) DEFAULT NULL,
  `btc` varchar(40) DEFAULT NULL,
  `eth` varchar(40) DEFAULT NULL,
  `line` varchar(50) DEFAULT NULL,
  `last_ph` datetime DEFAULT '0000-00-00 00:00:00',
  `ph_count` int(11) NOT NULL DEFAULT '0',
  `directs` int(11) NOT NULL DEFAULT '0',
  `total_ph` decimal(10,2) NOT NULL DEFAULT '0.00',
  `total_gh` decimal(10,2) NOT NULL DEFAULT '0.00',
  `status` varchar(1) DEFAULT NULL,
  `pin` varchar(32) NOT NULL DEFAULT '',
  `bankname` varchar(50) DEFAULT NULL,
  `bankbranch` varchar(50) DEFAULT NULL,
  `bankaccount` varchar(50) DEFAULT NULL,
  `bankholder` varchar(70) DEFAULT NULL,
  `pins` int(11) NOT NULL DEFAULT '0',
  `note1` varchar(255) DEFAULT NULL,
  `note2` varchar(255) DEFAULT NULL,
  `autophdays` int(11) NOT NULL DEFAULT '0',
  `feature` varchar(50) DEFAULT NULL
) ENGINE=InnoDB DEFAULT CHARSET=utf8;

--
-- Dumping data for table `tblmember`
--

INSERT INTO `tblmember` (`id`, `username`, `rank`, `fullname`, `referral`, `manager`, `ref_name`, `mgr_name`, `email`, `password`, `password2`, `phone`, `country`, `region`, `language`, `currency`, `date_add`, `date_manager`, `last_login`, `last_ip`, `wechat`, `alipay`, `whatsapp`, `btc`, `eth`, `line`, `last_ph`, `ph_count`, `directs`, `total_ph`, `total_gh`, `status`, `pin`, `bankname`, `bankbranch`, `bankaccount`, `bankholder`, `pins`, `note1`, `note2`, `autophdays`, `feature`) VALUES
(1, 'jjadmin', 9, 'SYS Admin', 0, 0, NULL, NULL, 'jja@tmcc.us', 'd0970714757783e6cf17b26fb8e2298f', 'd54d1702ad0f8326224b817c796763c9', NULL, 'CN', NULL, 'en', 'RMB', '2015-06-03 01:51:00', '0000-00-00 00:00:00', '2018-01-29 16:15:40', '::1', '', NULL, NULL, NULL, NULL, NULL, '0000-00-00 00:00:00', 0, 0, '0.00', '0.00', 'A', 'dfdsfdsfdsfsd', '', '', '', '', 1700, NULL, NULL, 0, ''),
(2, 'jjpin1', 8, 'SYS Pin', 0, 0, NULL, NULL, 'jjpin1@tmcc.us', 'd0970714757783e6cf17b26fb8e2298f', '6512bd43d9caa6e02c990b0a82652dca', NULL, 'CN', NULL, 'en', 'RMB', '2015-06-03 01:51:00', '0000-00-00 00:00:00', '2015-12-28 18:35:52', '173.245.48.125', '', NULL, NULL, NULL, NULL, NULL, '0000-00-00 00:00:00', 0, 0, '0.00', '0.00', 'A', 'dfdsfdsfdsfd', '', '', '', '', 22, NULL, NULL, 0, ''),
(3, 'jjmgr1', 8, 'SYS Manager', 0, 0, NULL, NULL, 'jjmgr@tmcc.us', 'd0970714757783e6cf17b26fb8e2298f', '6512bd43d9caa6e02c990b0a82652dca', NULL, 'CN', NULL, 'en', 'RMB', '2015-06-03 01:51:00', '0000-00-00 00:00:00', '2015-11-25 11:31:54', '::1', '', NULL, NULL, NULL, NULL, NULL, '0000-00-00 00:00:00', 0, 0, '0.00', '0.00', 'A', 'dsfdsfdsfdsf', '', '', '', '', 0, NULL, NULL, 0, ''),
(4, 'jjroot', 7, 'System Root', 0, 0, NULL, NULL, 'jjroot@tmcc.us', 'd0970714757783e6cf17b26fb8e2298f', '6512bd43d9caa6e02c990b0a82652dca', '13232507619', 'CN', NULL, 'en', 'RMB', '2015-06-03 03:03:00', '2015-11-24 16:55:10', '2018-01-30 05:17:03', '::1', 'wec', 'ali', '', 'aaa', 'bbb', '', '0000-00-00 00:00:00', 0, 0, '0.00', '0.00', 'A', 'dfsdfdsfdsfdsf', 'bank', '', 'card', 'System Root', 5057, NULL, NULL, 0, ''),
(5, 'mem001', 7, 'mem001', 4, 4, 'jjroot', 'jjroot', 'mem@163.com', 'd0970714757783e6cf17b26fb8e2298f', '6512bd43d9caa6e02c990b0a82652dca', '13902313664', 'CN', NULL, 'en', 'RMB', '2015-06-03 11:11:00', '2015-11-24 16:55:02', '2018-01-29 17:04:02', '::1', 'we', 'ali11', '', 'dfgsdfds fef fgaerf aef earfg aergera ga', 'df gdf a faef af adf adf adf dafa fadfd', '', '0000-00-00 00:00:00', 0, 0, '0.00', '0.00', 'A', 'hider0', 'bank ', '', 'card', 'mem001', 11501, NULL, NULL, 0, ''),
(6, 'mem002', 7, 'mem002', 5, 5, 'mem001', 'mem001', 'mem@163.com', 'd0970714757783e6cf17b26fb8e2298f', '6512bd43d9caa6e02c990b0a82652dca', '15017612207', 'CN', NULL, NULL, NULL, '2015-11-26 17:37:31', '2015-11-28 14:26:29', '2018-01-14 17:02:33', '::1', '', '15017612207', '', NULL, NULL, '', '0000-00-00 00:00:00', 0, 0, '0.00', '0.00', 'A', '003N9P2F5VIBVSVAXFM4', '', '', '6214836555717889', '', 500, NULL, NULL, 0, NULL),
(7, 'mem003', 7, 'mem003', 6, 6, 'mem002', 'mem002', 'mem@163.com', 'd0970714757783e6cf17b26fb8e2298f', '6512bd43d9caa6e02c990b0a82652dca', '13825033994', 'CN', NULL, NULL, NULL, '2015-11-26 17:46:59', '2015-11-28 14:55:29', '2017-12-12 14:11:35', '::1', '', '13825033994', '', NULL, NULL, '', '0000-00-00 00:00:00', 0, 0, '0.00', '0.00', 'A', '0121V7FF37A3G01GJTDI', '', '', '111', '', 0, NULL, NULL, 0, NULL),
(8, 'mem004', 7, 'mem004', 7, 7, 'mem003', 'mem003', 'mem@163.com', 'd0970714757783e6cf17b26fb8e2298f', '6512bd43d9caa6e02c990b0a82652dca', '18588841689 ', 'CN', NULL, NULL, NULL, '2015-11-26 17:56:09', '2015-11-28 14:55:16', '2017-12-22 01:44:42', '::1', '', '18588841689', '', NULL, NULL, '', '0000-00-00 00:00:00', 0, 0, '0.00', '0.00', 'A', '01HTG541W7RZBDCD4JJM', '', '', '', '', 1, NULL, NULL, 0, NULL),
(9, 'mem005', 7, 'mem005', 8, 8, 'mem004', 'mem004', 'mem@163.com', 'e10adc3949ba59abbe56e057f20f883e', '25d55ad283aa400af464c76d713c07ad', '13510628616', 'CN', NULL, NULL, NULL, '2015-11-26 17:57:48', '2015-11-28 14:26:57', '2018-01-08 00:07:59', '::1', '11111', '11111', '2', NULL, NULL, '3', '0000-00-00 00:00:00', 0, 0, '0.00', '0.00', 'A', 'Jason', '11111', '', '11111', 'GOH CHIN HONG', 401, NULL, NULL, 0, NULL),
(10, 'mem006', 7, 'mem006', 9, 9, 'mem005', 'mem005', 'mem@163.com', 'd0970714757783e6cf17b26fb8e2298f', '6512bd43d9caa6e02c990b0a82652dca', '13544209332', 'CN', NULL, NULL, NULL, '2015-11-26 17:59:23', '2015-11-28 14:27:08', '2018-01-13 05:11:42', '::1', 'sheirlly5633', '60-125247973', '', NULL, NULL, '', '0000-00-00 00:00:00', 0, 0, '0.00', '0.00', 'A', 'Sheirlly', '', '', '6236687200001552553', 'LIM POH ENG', 305, NULL, NULL, 0, NULL),
(30, 'mem601', 1, NULL, 10, 10, 'mem006', 'mem006', 'aa@bb.com', '6512bd43d9caa6e02c990b0a82652dca', NULL, '11', 'CN', NULL, NULL, NULL, '2017-12-16 03:37:34', '0000-00-00 00:00:00', '2017-12-16 03:57:01', '::1', NULL, NULL, NULL, NULL, NULL, NULL, '0000-00-00 00:00:00', 0, 0, '0.00', '0.00', 'A', '01W6OK3DMRZ2Y6G8OHKV', NULL, NULL, NULL, NULL, 0, NULL, NULL, 0, NULL),
(31, 'mem602', 1, NULL, 10, 10, 'mem006', 'mem006', 'aa@bb.com', '6512bd43d9caa6e02c990b0a82652dca', NULL, '11', 'CN', NULL, NULL, NULL, '2017-12-16 03:37:50', '0000-00-00 00:00:00', '0000-00-00 00:00:00', NULL, NULL, NULL, NULL, NULL, NULL, NULL, '0000-00-00 00:00:00', 0, 0, '0.00', '0.00', 'A', '04496PN209U6YGWHNAFL', NULL, NULL, NULL, NULL, 0, NULL, NULL, 0, NULL),
(32, 'mem603', 1, NULL, 10, 10, 'mem006', 'mem006', 'aa@bb.com', '6512bd43d9caa6e02c990b0a82652dca', NULL, '11', 'CN', NULL, NULL, NULL, '2017-12-16 03:37:59', '0000-00-00 00:00:00', '0000-00-00 00:00:00', NULL, NULL, NULL, NULL, NULL, NULL, NULL, '0000-00-00 00:00:00', 0, 0, '0.00', '0.00', 'A', '05MFQS00IY65X78QRT9J', NULL, NULL, NULL, NULL, 0, NULL, NULL, 0, NULL),
(33, 'mem604', 1, NULL, 10, 10, 'mem006', 'mem006', 'aa@bb.com', '6512bd43d9caa6e02c990b0a82652dca', NULL, '11', 'CN', NULL, NULL, NULL, '2017-12-16 03:38:05', '0000-00-00 00:00:00', '0000-00-00 00:00:00', NULL, NULL, NULL, NULL, NULL, NULL, NULL, '0000-00-00 00:00:00', 0, 0, '0.00', '0.00', 'A', '187GGVE1F77RGK4KKM0X', NULL, NULL, NULL, NULL, 0, NULL, NULL, 0, NULL),
(34, 'mem605', 1, NULL, 10, 10, 'mem006', 'mem006', 'aa@bb.com', '6512bd43d9caa6e02c990b0a82652dca', NULL, '11', 'CN', NULL, NULL, NULL, '2017-12-16 03:38:12', '0000-00-00 00:00:00', '0000-00-00 00:00:00', NULL, NULL, NULL, NULL, NULL, NULL, NULL, '0000-00-00 00:00:00', 0, 0, '0.00', '0.00', 'A', '1BC039K01J46030J36KF', NULL, NULL, NULL, NULL, 0, NULL, NULL, 0, NULL),
(35, 'mem606', 1, NULL, 10, 10, 'mem006', 'mem006', 'aa@bb.com', '6512bd43d9caa6e02c990b0a82652dca', NULL, '11', 'CN', NULL, NULL, NULL, '2017-12-16 03:38:19', '0000-00-00 00:00:00', '0000-00-00 00:00:00', NULL, NULL, NULL, NULL, NULL, NULL, NULL, '0000-00-00 00:00:00', 0, 0, '0.00', '0.00', 'A', '1MTVUTRX40W6MD7O35IJ', NULL, NULL, NULL, NULL, 0, NULL, NULL, 0, NULL),
(36, 'mem607', 1, NULL, 10, 10, 'mem006', 'mem006', 'aa@bb.com', '6512bd43d9caa6e02c990b0a82652dca', NULL, '11', 'CN', NULL, NULL, NULL, '2017-12-16 03:38:25', '0000-00-00 00:00:00', '0000-00-00 00:00:00', NULL, NULL, NULL, NULL, NULL, NULL, NULL, '0000-00-00 00:00:00', 0, 0, '0.00', '0.00', 'A', '1OVQ367S4FOCFB4429D0', NULL, NULL, NULL, NULL, 0, NULL, NULL, 0, NULL),
(37, 'mem608', 1, NULL, 10, 10, 'mem006', 'mem006', 'aa@bb.com', '6512bd43d9caa6e02c990b0a82652dca', NULL, '11', 'CN', NULL, NULL, NULL, '2017-12-16 03:38:31', '0000-00-00 00:00:00', '0000-00-00 00:00:00', NULL, NULL, NULL, NULL, NULL, NULL, NULL, '0000-00-00 00:00:00', 0, 0, '0.00', '0.00', 'A', '1X50V142CLB12I396R6M', NULL, NULL, NULL, NULL, 0, NULL, NULL, 0, NULL),
(38, 'mem609', 1, NULL, 10, 10, 'mem006', 'mem006', 'aa@bb.com', '6512bd43d9caa6e02c990b0a82652dca', NULL, '11', 'CN', NULL, NULL, NULL, '2017-12-16 03:38:38', '0000-00-00 00:00:00', '0000-00-00 00:00:00', NULL, NULL, NULL, NULL, NULL, NULL, NULL, '0000-00-00 00:00:00', 0, 0, '0.00', '0.00', 'A', '29SY9IJC0RP6YFX4B54Q', NULL, NULL, NULL, NULL, 0, NULL, NULL, 0, NULL),
(39, 'mem610', 1, NULL, 10, 10, 'mem006', 'mem006', 'aa@bb.com', '6512bd43d9caa6e02c990b0a82652dca', NULL, '11', 'CN', NULL, NULL, NULL, '2017-12-16 03:38:45', '0000-00-00 00:00:00', '0000-00-00 00:00:00', NULL, NULL, NULL, NULL, NULL, NULL, NULL, '0000-00-00 00:00:00', 0, 0, '0.00', '0.00', 'A', '316DVT78UCA5V153UA62', NULL, NULL, NULL, NULL, 0, NULL, NULL, 0, NULL),
(40, 'patrick', 5, 'Patrick', 5, 5, 'mem001', 'mem001', 'patrick@gmail.com', 'e10adc3949ba59abbe56e057f20f883e', '25d55ad283aa400af464c76d713c07ad', '123', 'CN', NULL, NULL, NULL, '2018-01-03 00:12:29', '2018-01-03 00:29:52', '2018-01-12 18:06:13', '::1', '', '', '', NULL, NULL, '', '0000-00-00 00:00:00', 0, 0, '0.00', '0.00', 'A', '0VU8747LTP4WR3A02JTA', '', '', '', 'Patrick', 0, NULL, NULL, 0, NULL),
(41, 'gaozong', 1, 'gary', 5, 5, 'mem001', 'mem001', 'aa@bb.com', '4297f44b13955235245b2497399d7a93', 'f5bb0c8de146c67b44babbf4e6584cc0', '13123123123', 'MY', NULL, NULL, NULL, '2018-01-10 17:54:58', '0000-00-00 00:00:00', '2018-01-12 20:39:58', '::1', '', '', '', '2321312321', '`12312321312', '', '0000-00-00 00:00:00', 0, 0, '0.00', '0.00', 'A', '076940HS7SFMCG5C8KS4', '', '', '', 'gary', 0, NULL, NULL, 0, NULL),
(42, 'gao001', 1, NULL, 41, 41, 'gaozong', 'gaozong', NULL, '4297f44b13955235245b2497399d7a93', NULL, '13119551691', NULL, NULL, NULL, NULL, '2018-01-12 06:15:11', '0000-00-00 00:00:00', '0000-00-00 00:00:00', NULL, NULL, NULL, NULL, NULL, NULL, NULL, '0000-00-00 00:00:00', 0, 0, '0.00', '0.00', 'A', '06EYSO0L2U4G4RRLLC7M', NULL, NULL, NULL, NULL, 0, NULL, NULL, 0, NULL),
(43, 'mem201', 1, 'mem 201', 6, 6, 'mem002', 'mem002', 'aa@bb.com', 'e10adc3949ba59abbe56e057f20f883e', '25d55ad283aa400af464c76d713c07ad', '313131', 'HK', NULL, NULL, NULL, '2018-01-14 04:03:28', '0000-00-00 00:00:00', '2018-01-14 04:05:51', '::1', '', '', '', '', '', '', '0000-00-00 00:00:00', 0, 0, '0.00', '0.00', 'A', '29QZB8C840A0113KCR4B', '', '', '', 'mem 201', 0, NULL, NULL, 0, NULL),
(44, 'dadsas', 1, NULL, 4, 4, 'jjroot', 'jjroot', NULL, '4297f44b13955235245b2497399d7a93', NULL, '13119551691', NULL, NULL, NULL, NULL, '2018-01-28 04:21:30', '0000-00-00 00:00:00', '0000-00-00 00:00:00', NULL, NULL, NULL, NULL, NULL, NULL, NULL, '0000-00-00 00:00:00', 0, 0, '0.00', '0.00', 'A', '', NULL, NULL, NULL, NULL, 0, NULL, NULL, 0, NULL),
(45, 'addada', 1, NULL, 4, 4, 'jjroot', 'jjroot', NULL, '4297f44b13955235245b2497399d7a93', NULL, '13119551691', NULL, NULL, NULL, NULL, '2018-01-28 05:36:27', '0000-00-00 00:00:00', '0000-00-00 00:00:00', NULL, NULL, NULL, NULL, NULL, NULL, NULL, '0000-00-00 00:00:00', 0, 0, '0.00', '0.00', 'A', '', NULL, NULL, NULL, NULL, 0, NULL, NULL, 0, NULL),
(46, 'sdfsdf', 1, NULL, 5, 5, 'mem001', 'mem001', NULL, '4297f44b13955235245b2497399d7a93', NULL, '13119551691', NULL, NULL, NULL, NULL, '2018-01-28 05:37:16', '0000-00-00 00:00:00', '0000-00-00 00:00:00', NULL, NULL, NULL, NULL, NULL, NULL, NULL, '0000-00-00 00:00:00', 0, 0, '0.00', '0.00', 'A', '30F9467FC1G5GS578F4P', NULL, NULL, NULL, NULL, 0, NULL, NULL, 0, NULL),
(47, 'sdsad', 1, NULL, 5, 5, 'mem001', 'mem001', 'asdas@dfs.com', '4297f44b13955235245b2497399d7a93', NULL, '432432423', 'MY', NULL, NULL, NULL, '2018-01-28 06:03:42', '0000-00-00 00:00:00', '0000-00-00 00:00:00', NULL, NULL, NULL, NULL, NULL, NULL, NULL, '0000-00-00 00:00:00', 0, 0, '0.00', '0.00', 'A', '3QI31UH42JET50H562E9', NULL, NULL, NULL, NULL, 0, NULL, NULL, 0, NULL),
(48, 'adasd', 1, NULL, 5, 5, 'mem001', 'mem001', 'aa@bb.com', '4297f44b13955235245b2497399d7a93', NULL, '3423432423', 'SG', NULL, NULL, NULL, '2018-01-28 06:40:20', '0000-00-00 00:00:00', '0000-00-00 00:00:00', NULL, NULL, NULL, NULL, NULL, NULL, NULL, '0000-00-00 00:00:00', 0, 0, '0.00', '0.00', 'A', '3QV516S81098AUVAN9SH', NULL, NULL, NULL, NULL, 0, NULL, NULL, 0, NULL),
(49, 'aaaaaaaaaa', 1, 'aaaaaaaaaa', 5, 5, 'mem001', 'mem001', 'aa@bb.com', '0b4e7a0e5fe84ad35fb5f95b9ceeac79', NULL, 'aaaaaaa', '', NULL, NULL, NULL, '2018-01-28 07:33:13', '0000-00-00 00:00:00', '0000-00-00 00:00:00', NULL, NULL, NULL, NULL, NULL, NULL, NULL, '0000-00-00 00:00:00', 0, 0, '0.00', '0.00', 'A', '4B2X8NC582ZDI98YJTL0', NULL, NULL, NULL, NULL, 0, NULL, NULL, 0, NULL),
(50, '1231231', 1, '1232132131', 5, 5, 'mem001', 'mem001', 'aa@bb.com', '4297f44b13955235245b2497399d7a93', NULL, '12321321', '', NULL, NULL, NULL, '2018-01-28 07:48:54', '0000-00-00 00:00:00', '2018-01-28 08:12:58', '::1', NULL, NULL, NULL, NULL, NULL, NULL, '0000-00-00 00:00:00', 0, 0, '0.00', '0.00', 'A', '', NULL, NULL, NULL, NULL, 0, NULL, NULL, 0, NULL);

-- --------------------------------------------------------

--
-- Table structure for table `tblnews`
--

DROP TABLE IF EXISTS `tblnews`;
CREATE TABLE `tblnews` (
  `id` int(11) NOT NULL,
  `newsdate` datetime NOT NULL,
  `title1` varchar(100) NOT NULL,
  `content1` longtext NOT NULL,
  `title2` varchar(100) NOT NULL,
  `content2` longtext NOT NULL,
  `status` varchar(2) NOT NULL DEFAULT 'A'
) ENGINE=InnoDB DEFAULT CHARSET=utf8;

--
-- Dumping data for table `tblnews`
--

INSERT INTO `tblnews` (`id`, `newsdate`, `title1`, `content1`, `title2`, `content2`, `status`) VALUES
(1, '2018-01-13 00:00:00', 'Test', 'Test ', 'Test', 'Test English', 'A'),
(2, '2018-01-14 00:00:00', 'News Title', 'Contemt\n', 'Title', 'Content', 'A');

-- --------------------------------------------------------

--
-- Table structure for table `tblpin`
--

DROP TABLE IF EXISTS `tblpin`;
CREATE TABLE `tblpin` (
  `id` int(11) NOT NULL,
  `managerid` int(11) DEFAULT NULL,
  `requestdate` datetime NOT NULL,
  `pin` varchar(40) NOT NULL,
  `paid` varchar(3) NOT NULL,
  `status` varchar(3) NOT NULL,
  `useby` varchar(40) DEFAULT NULL,
  `usedate` datetime NOT NULL DEFAULT '0000-00-00 00:00:00',
  `note` varchar(50) NOT NULL,
  `note1` varchar(50) DEFAULT NULL
) ENGINE=InnoDB DEFAULT CHARSET=utf8;

--
-- Dumping data for table `tblpin`
--

INSERT INTO `tblpin` (`id`, `managerid`, `requestdate`, `pin`, `paid`, `status`, `useby`, `usedate`, `note`, `note1`) VALUES
(1, 5, '2018-01-09 18:57:52', 'KEQ8622W60384181PXJJ', 'Y', 'N', NULL, '0000-00-00 00:00:00', '1', NULL),
(2, 5, '2018-01-09 18:57:52', 'T3K9D7C943F639NADW36', 'Y', 'N', NULL, '0000-00-00 00:00:00', '1', NULL),
(3, 5, '2018-01-09 18:57:52', '076940HS7SFMCG5C8KS4', 'Y', 'U', 'gaozong', '2018-01-10 17:54:58', '1', NULL),
(4, 5, '2018-01-09 18:57:52', 'Q8N7425EDD1T91UZ7OMO', 'Y', 'N', NULL, '0000-00-00 00:00:00', '1', NULL),
(5, 5, '2018-01-09 18:57:52', '5PHU3DAQJ72R4EHO22I4', 'Y', 'N', NULL, '0000-00-00 00:00:00', '1', NULL),
(6, 5, '2018-01-09 18:57:52', 'AWKUGCTH8LV7CA1W1VF7', 'Y', 'N', NULL, '0000-00-00 00:00:00', '1', NULL),
(7, 5, '2018-01-09 18:57:52', 'V1S10S78ME8EO9V6N0YU', 'Y', 'N', NULL, '0000-00-00 00:00:00', '1', NULL),
(8, 5, '2018-01-09 18:57:52', 'TBM9M4FVP510LCI06DH8', 'Y', 'N', NULL, '0000-00-00 00:00:00', '1', NULL),
(9, 5, '2018-01-09 18:57:52', 'E2A2G8ZLAV0QTFU42VMN', 'Y', 'N', NULL, '0000-00-00 00:00:00', '1', NULL),
(10, 5, '2018-01-09 18:57:52', 'H86UV4PYUROR1B5510P3', 'Y', 'N', NULL, '0000-00-00 00:00:00', '1', NULL),
(11, 5, '2018-01-09 18:57:52', 'PT3O0F76NA52QM6BNG58', 'Y', 'N', NULL, '0000-00-00 00:00:00', '1', NULL),
(12, 5, '2018-01-09 18:57:52', 'I4626ZEM9I2Y784R7O82', 'Y', 'N', NULL, '0000-00-00 00:00:00', '1', NULL),
(13, 5, '2018-01-09 18:57:52', '6ULYAJJ1K61ANF12JOFD', 'Y', 'N', NULL, '0000-00-00 00:00:00', '1', NULL),
(14, 5, '2018-01-09 18:57:52', 'KAA0A7T10UV2175Q1010', 'Y', 'N', NULL, '0000-00-00 00:00:00', '1', NULL),
(15, 5, '2018-01-09 18:57:52', 'X6FZ3YA46SGEQ2NPBG5Y', 'Y', 'N', NULL, '0000-00-00 00:00:00', '1', NULL),
(16, 5, '2018-01-09 18:57:52', '5D168YCB9EG9YDDVLA7I', 'Y', 'N', NULL, '0000-00-00 00:00:00', '1', NULL),
(17, 5, '2018-01-09 18:57:52', 'Y7BDK4N5Z2MWS8WGFA2H', 'Y', 'N', NULL, '0000-00-00 00:00:00', '1', NULL),
(18, 5, '2018-01-09 18:57:52', 'LNP680AAF0U99Y80X6G3', 'Y', 'N', NULL, '0000-00-00 00:00:00', '1', NULL),
(19, 5, '2018-01-09 18:57:52', 'U9U9F1M79QSYH2VPQIM5', 'Y', 'N', NULL, '0000-00-00 00:00:00', '1', NULL),
(20, 5, '2018-01-09 18:57:52', '3GGH03M67SLR04L7F4X0', 'Y', 'O', '6', '2018-01-14 04:02:00', '1', '7'),
(21, 5, '2018-01-09 18:57:52', '8L26AOJQ108YKC5LWGM7', 'Y', 'N', NULL, '0000-00-00 00:00:00', '1', NULL),
(22, 5, '2018-01-09 18:57:52', '9C3299NM9CG1P2Q9SB6T', 'Y', 'N', NULL, '0000-00-00 00:00:00', '1', NULL),
(23, 5, '2018-01-09 18:57:52', '1DN8FGMRUAJE9439YP54', 'Y', 'O', '40', '2018-01-13 03:39:50', '1', '6'),
(24, 5, '2018-01-09 18:57:52', 'NIIIIHYN0R68AWLAD1RR', 'Y', 'N', NULL, '0000-00-00 00:00:00', '1', NULL),
(25, 5, '2018-01-09 18:57:52', '5F4HTFC9GD1FKY2TG019', 'Y', 'N', NULL, '0000-00-00 00:00:00', '1', NULL),
(26, 5, '2018-01-09 18:57:52', '2AFV8H9XWUQCTV7Q8YF5', 'Y', 'O', '6', '2018-01-14 04:02:00', '1', '7'),
(27, 5, '2018-01-09 18:57:52', 'Y76JS9P1LS9K1YO49PE7', 'Y', 'N', NULL, '0000-00-00 00:00:00', '1', NULL),
(28, 5, '2018-01-09 18:57:52', '6JQ472050E3L71NIIKGB', 'Y', 'N', NULL, '0000-00-00 00:00:00', '1', NULL),
(29, 5, '2018-01-09 18:57:52', '5O5EUFAPE9J5NZ6VRMS0', 'Y', 'N', NULL, '0000-00-00 00:00:00', '1', NULL),
(30, 5, '2018-01-09 18:57:52', 'UYI4C2JOXLHSPDO223UL', 'Y', 'N', NULL, '0000-00-00 00:00:00', '1', NULL),
(31, 5, '2018-01-09 18:57:52', 'TJW62TDZGN8XI1SQG2PX', 'Y', 'N', NULL, '0000-00-00 00:00:00', '1', NULL),
(32, 5, '2018-01-09 18:57:52', 'DBHBN84AHRV1AC9Y7SC0', 'Y', 'N', NULL, '0000-00-00 00:00:00', '1', NULL),
(33, 5, '2018-01-09 18:57:52', '1QOCCN7UYQECN7MOG8B6', 'Y', 'O', '40', '2018-01-13 03:39:50', '1', '6'),
(34, 5, '2018-01-09 18:57:52', 'KRTXIO5K32863SB03QIC', 'Y', 'N', NULL, '0000-00-00 00:00:00', '1', NULL),
(35, 5, '2018-01-09 18:57:52', '759DXBMT95DD0Q0VT35L', 'Y', 'N', NULL, '0000-00-00 00:00:00', '1', NULL),
(36, 5, '2018-01-09 18:57:52', 'MT40T0XH1PEO6PC0Z51I', 'Y', 'N', NULL, '0000-00-00 00:00:00', '1', NULL),
(37, 5, '2018-01-09 18:57:52', '73IZ906T3Q6S6F3KFA1O', 'Y', 'N', NULL, '0000-00-00 00:00:00', '1', NULL),
(38, 5, '2018-01-09 18:57:52', '335MS38GG5680O8A77E6', 'Y', 'O', '6', '2018-01-14 04:02:00', '1', '7'),
(39, 5, '2018-01-09 18:57:52', 'D524967Q63FBBUQ03Z55', 'Y', 'N', NULL, '0000-00-00 00:00:00', '1', NULL),
(40, 5, '2018-01-09 18:57:52', '0X926N9HF9SJFC3RSPV2', 'Y', 'O', '40', '2018-01-13 03:39:50', '1', '6'),
(41, 5, '2018-01-09 18:57:52', 'ISIIAY2PKXQ8T3LV12D4', 'Y', 'N', NULL, '0000-00-00 00:00:00', '1', NULL),
(42, 5, '2018-01-09 18:57:52', '0QJY0EDU8T2NO89A274J', 'Y', 'O', '40', '2018-01-13 03:39:50', '1', '6'),
(43, 5, '2018-01-09 18:57:52', '75A3414ZLESYCR54950A', 'Y', 'N', NULL, '0000-00-00 00:00:00', '1', NULL),
(44, 5, '2018-01-09 18:57:52', '9UCUW69Z6U2RDIPBUDZH', 'Y', 'N', NULL, '0000-00-00 00:00:00', '1', NULL),
(45, 5, '2018-01-09 18:57:52', 'M3G35J2MFE6J078E71JT', 'Y', 'N', NULL, '0000-00-00 00:00:00', '1', NULL),
(46, 5, '2018-01-09 18:57:52', 'K5VYQM3B2V3F0F9TU7V2', 'Y', 'N', NULL, '0000-00-00 00:00:00', '1', NULL),
(47, 5, '2018-01-09 18:57:52', '2Z83673ZD43685W4449N', 'Y', 'O', '6', '2018-01-14 04:02:00', '1', '7'),
(48, 5, '2018-01-09 18:57:52', 'HO6D1G4NM83J8KQHDC04', 'Y', 'N', NULL, '0000-00-00 00:00:00', '1', NULL),
(49, 5, '2018-01-09 18:57:52', '0E20SBSR459J6901711Z', 'Y', 'O', '40', '2018-01-13 03:39:50', '1', '6'),
(50, 5, '2018-01-09 18:57:52', 'UV829MBKLM83023AUJ49', 'Y', 'N', NULL, '0000-00-00 00:00:00', '1', NULL),
(51, 5, '2018-01-09 18:57:52', '1ELQ22FET3RI4824OX89', 'Y', 'O', '40', '2018-01-13 03:39:50', '1', '6'),
(52, 5, '2018-01-09 18:57:52', 'LU4SP4LUSD5ADM58CJXP', 'Y', 'N', NULL, '0000-00-00 00:00:00', '1', NULL),
(53, 5, '2018-01-09 18:57:52', 'GQ8M4T08O2CIUZ0Y01X0', 'Y', 'N', NULL, '0000-00-00 00:00:00', '1', NULL),
(54, 5, '2018-01-09 18:57:52', '6MBM48SY5TYGJ6P6N507', 'Y', 'N', NULL, '0000-00-00 00:00:00', '1', NULL),
(55, 5, '2018-01-09 18:57:52', 'A3D0MMUG2JTO6DG6762I', 'Y', 'N', NULL, '0000-00-00 00:00:00', '1', NULL),
(56, 5, '2018-01-09 18:57:52', 'L1WELODIAIAS92E6H327', 'Y', 'N', NULL, '0000-00-00 00:00:00', '1', NULL),
(57, 5, '2018-01-09 18:57:52', 'I2GFQXCTLYJRO0A5Y448', 'Y', 'N', NULL, '0000-00-00 00:00:00', '1', NULL),
(58, 5, '2018-01-09 18:57:52', 'T579Y3OISWZ7BFM60M56', 'Y', 'N', NULL, '0000-00-00 00:00:00', '1', NULL),
(59, 5, '2018-01-09 18:57:52', 'FF0LE2CLKC1U278O86I7', 'Y', 'N', NULL, '0000-00-00 00:00:00', '1', NULL),
(60, 5, '2018-01-09 18:57:52', '29QZB8C840A0113KCR4B', 'Y', 'O', '6', '2018-01-14 04:02:00', '1', '7'),
(61, 5, '2018-01-09 18:57:52', '2XS0KP5WHQFLY1F3V9E8', 'Y', 'O', '6', '2018-01-14 04:02:00', '1', '7'),
(62, 5, '2018-01-09 18:57:52', 'KS6KE015N0CS72323PWM', 'Y', 'N', NULL, '0000-00-00 00:00:00', '1', NULL),
(63, 5, '2018-01-09 18:57:52', '3QI31UH42JET50H562E9', 'Y', 'U', 'sdsad', '2018-01-28 06:03:42', '1', NULL),
(64, 5, '2018-01-09 18:57:52', '6CQ5O5VCEHTK64IP6315', 'Y', 'N', NULL, '0000-00-00 00:00:00', '1', NULL),
(65, 5, '2018-01-09 18:57:52', '3FXA9Y9NESHLJCK035PK', 'Y', 'O', '6', '2018-01-14 04:02:00', '1', '7'),
(66, 5, '2018-01-09 18:57:52', 'GHYB5LW6GCHV966B1V47', 'Y', 'N', NULL, '0000-00-00 00:00:00', '1', NULL),
(67, 5, '2018-01-09 18:57:52', '59D839EV4C703I8QG10V', 'Y', 'N', NULL, '0000-00-00 00:00:00', '1', NULL),
(68, 5, '2018-01-09 18:57:52', '0952MYF8N11DHB6OFWZO', 'Y', 'O', '40', '2018-01-13 03:39:50', '1', '6'),
(69, 5, '2018-01-09 18:57:52', 'Q64T9XGJ5Q5YDJIA1UG2', 'Y', 'N', NULL, '0000-00-00 00:00:00', '1', NULL),
(70, 5, '2018-01-09 18:57:52', 'OQD2VK230128V5FJ7573', 'Y', 'N', NULL, '0000-00-00 00:00:00', '1', NULL),
(71, 5, '2018-01-09 18:57:52', '71G48B2G11MJLFY03PAH', 'Y', 'N', NULL, '0000-00-00 00:00:00', '1', NULL),
(72, 5, '2018-01-09 18:57:52', '16PHAQ1G96105T7AS6ST', 'Y', 'O', '40', '2018-01-13 03:39:50', '1', '6'),
(73, 5, '2018-01-09 18:57:52', 'H8501V759J6BZIKFNB8I', 'Y', 'N', NULL, '0000-00-00 00:00:00', '1', NULL),
(74, 5, '2018-01-09 18:57:52', 'MD98729Z9GOYN1TU3812', 'Y', 'N', NULL, '0000-00-00 00:00:00', '1', NULL),
(75, 5, '2018-01-09 18:57:52', 'U5553IUD7DV32J7TX76U', 'Y', 'N', NULL, '0000-00-00 00:00:00', '1', NULL),
(76, 5, '2018-01-09 18:57:52', 'BNS07DU7E4TH9PSKC92A', 'Y', 'N', NULL, '0000-00-00 00:00:00', '1', NULL),
(77, 5, '2018-01-09 18:57:52', '0YGQ7IRC01EAU571340H', 'Y', 'O', '40', '2018-01-13 03:39:50', '1', '6'),
(78, 5, '2018-01-09 18:57:52', 'A77Y5G7RF98MV0AQEC71', 'Y', 'N', NULL, '0000-00-00 00:00:00', '1', NULL),
(79, 5, '2018-01-09 18:57:52', '2IUCG9ON9W67M7J97B7O', 'Y', 'O', '6', '2018-01-14 04:02:00', '1', '7'),
(80, 5, '2018-01-09 18:57:52', '63L7T9J87WUS740020P3', 'Y', 'N', NULL, '0000-00-00 00:00:00', '1', NULL),
(81, 5, '2018-01-09 18:57:52', '4B2X8NC582ZDI98YJTL0', 'Y', 'U', 'aaaaaaaaaa', '2018-01-28 07:33:13', '1', NULL),
(82, 5, '2018-01-09 18:57:52', 'LV1YHR3E9B655G2HEO05', 'Y', 'N', NULL, '0000-00-00 00:00:00', '1', NULL),
(83, 5, '2018-01-09 18:57:52', '3QV516S81098AUVAN9SH', 'Y', 'U', 'adasd', '2018-01-28 06:40:20', '1', NULL),
(84, 5, '2018-01-09 18:57:52', 'M82OP1E5C295H6R9EGP9', 'Y', 'N', NULL, '0000-00-00 00:00:00', '1', NULL),
(85, 5, '2018-01-09 18:57:52', '626S85UVN5H2K8C6J511', 'Y', 'N', NULL, '0000-00-00 00:00:00', '1', NULL),
(86, 5, '2018-01-09 18:57:52', 'HAQQZ1D2Z2TQ30ZO9BQ7', 'Y', 'N', NULL, '0000-00-00 00:00:00', '1', NULL),
(87, 5, '2018-01-09 18:57:52', 'K1B4D07Y8L6VW785KO29', 'Y', 'N', NULL, '0000-00-00 00:00:00', '1', NULL),
(88, 5, '2018-01-09 18:57:52', '2PT7IDKC2AGY9L8YZ7KF', 'Y', 'O', '6', '2018-01-14 04:02:00', '1', '7'),
(89, 5, '2018-01-09 18:57:52', 'D398T5E31JVVR1W4X9LM', 'Y', 'N', NULL, '0000-00-00 00:00:00', '1', NULL),
(90, 5, '2018-01-09 18:57:52', 'BU63HI8S64Z4ND128633', 'Y', 'N', NULL, '0000-00-00 00:00:00', '1', NULL),
(91, 5, '2018-01-09 18:57:52', '2NN8FB4SV62NF3AT7VKP', 'Y', 'O', '6', '2018-01-14 04:02:00', '1', '7'),
(92, 5, '2018-01-09 18:57:52', 'N3IR70Z204L75DKX7NV7', 'Y', 'N', NULL, '0000-00-00 00:00:00', '1', NULL),
(93, 5, '2018-01-09 18:57:52', 'BKL4T143X1H1982Q517M', 'Y', 'N', NULL, '0000-00-00 00:00:00', '1', NULL),
(94, 5, '2018-01-09 18:57:52', '8VJ2U3UQ55RDE47S584Q', 'Y', 'N', NULL, '0000-00-00 00:00:00', '1', NULL),
(95, 5, '2018-01-09 18:57:52', 'DRJW3E5A362ZM90A01OV', 'Y', 'N', NULL, '0000-00-00 00:00:00', '1', NULL),
(96, 5, '2018-01-09 18:57:52', 'MMK94UQ3Z8951883RVTX', 'Y', 'N', NULL, '0000-00-00 00:00:00', '1', NULL),
(97, 5, '2018-01-09 18:57:52', 'K65518W2DUA0DX70P7PZ', 'Y', 'N', NULL, '0000-00-00 00:00:00', '1', NULL),
(98, 5, '2018-01-09 18:57:52', 'IR1A85LC5JI2F4E4VU2F', 'Y', 'N', NULL, '0000-00-00 00:00:00', '1', NULL),
(99, 5, '2018-01-09 18:57:52', '196V7FBS8M71X40EASU6', 'Y', 'O', '40', '2018-01-13 03:39:50', '1', '6'),
(100, 5, '2018-01-09 18:57:52', '8GZ4SD30AYYUM7FX0M76', 'Y', 'N', NULL, '0000-00-00 00:00:00', '1', NULL),
(101, 40, '2018-01-13 03:39:50', '0952MYF8N11DHB6OFWZO', 'Y', 'N', NULL, '0000-00-00 00:00:00', '', '6'),
(102, 40, '2018-01-13 03:39:50', '0E20SBSR459J6901711Z', 'Y', 'N', NULL, '0000-00-00 00:00:00', '', '6'),
(103, 40, '2018-01-13 03:39:50', '0QJY0EDU8T2NO89A274J', 'Y', 'N', NULL, '0000-00-00 00:00:00', '', '6'),
(104, 40, '2018-01-13 03:39:50', '0X926N9HF9SJFC3RSPV2', 'Y', 'N', NULL, '0000-00-00 00:00:00', '', '6'),
(105, 40, '2018-01-13 03:39:50', '0YGQ7IRC01EAU571340H', 'Y', 'N', NULL, '0000-00-00 00:00:00', '', '6'),
(106, 40, '2018-01-13 03:39:50', '16PHAQ1G96105T7AS6ST', 'Y', 'N', NULL, '0000-00-00 00:00:00', '', '6'),
(107, 40, '2018-01-13 03:39:50', '196V7FBS8M71X40EASU6', 'Y', 'N', NULL, '0000-00-00 00:00:00', '', '6'),
(108, 40, '2018-01-13 03:39:50', '1DN8FGMRUAJE9439YP54', 'Y', 'N', NULL, '0000-00-00 00:00:00', '', '6'),
(109, 40, '2018-01-13 03:39:50', '1ELQ22FET3RI4824OX89', 'Y', 'N', NULL, '0000-00-00 00:00:00', '', '6'),
(110, 40, '2018-01-13 03:39:50', '1QOCCN7UYQECN7MOG8B6', 'Y', 'N', NULL, '0000-00-00 00:00:00', '', '6'),
(111, 6, '2018-01-14 04:02:00', '29QZB8C840A0113KCR4B', 'Y', 'U', 'mem201', '2018-01-14 04:03:28', '', '7'),
(112, 6, '2018-01-14 04:02:00', '2AFV8H9XWUQCTV7Q8YF5', 'Y', 'N', NULL, '0000-00-00 00:00:00', '', '7'),
(113, 6, '2018-01-14 04:02:00', '2IUCG9ON9W67M7J97B7O', 'Y', 'N', NULL, '0000-00-00 00:00:00', '', '7'),
(114, 6, '2018-01-14 04:02:00', '2NN8FB4SV62NF3AT7VKP', 'Y', 'N', NULL, '0000-00-00 00:00:00', '', '7'),
(115, 6, '2018-01-14 04:02:00', '2PT7IDKC2AGY9L8YZ7KF', 'Y', 'N', NULL, '0000-00-00 00:00:00', '', '7'),
(116, 6, '2018-01-14 04:02:00', '2XS0KP5WHQFLY1F3V9E8', 'Y', 'N', NULL, '0000-00-00 00:00:00', '', '7'),
(117, 6, '2018-01-14 04:02:00', '2Z83673ZD43685W4449N', 'Y', 'N', NULL, '0000-00-00 00:00:00', '', '7'),
(118, 6, '2018-01-14 04:02:00', '335MS38GG5680O8A77E6', 'Y', 'N', NULL, '0000-00-00 00:00:00', '', '7'),
(119, 6, '2018-01-14 04:02:00', '3FXA9Y9NESHLJCK035PK', 'Y', 'N', NULL, '0000-00-00 00:00:00', '', '7'),
(120, 6, '2018-01-14 04:02:00', '3GGH03M67SLR04L7F4X0', 'Y', 'N', NULL, '0000-00-00 00:00:00', '', '7');

-- --------------------------------------------------------

--
-- Table structure for table `tblpin1`
--

DROP TABLE IF EXISTS `tblpin1`;
CREATE TABLE `tblpin1` (
  `id` int(11) NOT NULL,
  `managerid` int(11) DEFAULT NULL,
  `requestdate` datetime NOT NULL,
  `pin` varchar(40) NOT NULL,
  `paid` varchar(3) NOT NULL,
  `status` varchar(3) NOT NULL,
  `useby` varchar(40) DEFAULT NULL,
  `usedate` datetime NOT NULL DEFAULT '0000-00-00 00:00:00',
  `note` varchar(50) NOT NULL,
  `note1` varchar(50) DEFAULT NULL
) ENGINE=InnoDB DEFAULT CHARSET=utf8;

--
-- Dumping data for table `tblpin1`
--

INSERT INTO `tblpin1` (`id`, `managerid`, `requestdate`, `pin`, `paid`, `status`, `useby`, `usedate`, `note`, `note1`) VALUES
(1, 5, '2018-01-09 19:00:34', 'V47T0C0R4HGWJM1834BS', 'Y', 'N', NULL, '0000-00-00 00:00:00', '1', NULL),
(2, 5, '2018-01-09 19:00:34', '4XPV1DH1E362OL2E17WZ', 'Y', 'N', NULL, '0000-00-00 00:00:00', '1', NULL),
(3, 5, '2018-01-09 19:00:34', '9RO1I75A5V2J2NSRPTR6', 'Y', 'N', NULL, '0000-00-00 00:00:00', '1', NULL),
(4, 5, '2018-01-09 19:00:34', '5EACVXTNELBB7J4BITGC', 'Y', 'N', NULL, '0000-00-00 00:00:00', '1', NULL),
(5, 5, '2018-01-09 19:00:34', 'EHDZPW8V3L76K3490CEG', 'Y', 'N', NULL, '0000-00-00 00:00:00', '1', NULL),
(6, 5, '2018-01-09 19:00:34', '839J52UTD1RJM8IHT0JI', 'Y', 'N', NULL, '0000-00-00 00:00:00', '1', NULL),
(7, 5, '2018-01-09 19:00:34', 'XPJ9PXE5BM6NB905L0PL', 'Y', 'N', NULL, '0000-00-00 00:00:00', '1', NULL),
(8, 5, '2018-01-09 19:00:34', 'C09E3AK4BW2M19388N04', 'Y', 'N', NULL, '0000-00-00 00:00:00', '1', NULL),
(9, 5, '2018-01-09 19:00:34', 'A6E4DPAF8ZZNW795NS04', 'Y', 'N', NULL, '0000-00-00 00:00:00', '1', NULL),
(10, 5, '2018-01-09 19:00:34', 'K73JM13TSXJZW26I9PKM', 'Y', 'N', NULL, '0000-00-00 00:00:00', '1', NULL),
(11, 5, '2018-01-09 19:00:34', 'SWOF762CBT5D2TE83YQ6', 'Y', 'N', NULL, '0000-00-00 00:00:00', '1', NULL),
(12, 5, '2018-01-09 19:00:34', '7S4G2O07U2IEQ5ZC9QS8', 'Y', 'N', NULL, '0000-00-00 00:00:00', '1', NULL),
(13, 5, '2018-01-09 19:00:34', '7C43G9DTZRYB0QA7KPN8', 'Y', 'N', NULL, '0000-00-00 00:00:00', '1', NULL),
(14, 5, '2018-01-09 19:00:34', 'LPJ6SRLWU0YAR281I450', 'Y', 'N', NULL, '0000-00-00 00:00:00', '1', NULL),
(15, 5, '2018-01-09 19:00:34', 'IK5O1RVZ1M9Q69K65IU9', 'Y', 'N', NULL, '0000-00-00 00:00:00', '1', NULL),
(16, 41, '2018-01-12 06:13:25', '0WFUH1H6J2X54Z889G82', 'Y', 'N', NULL, '0000-00-00 00:00:00', '1', ''),
(17, 5, '2018-01-09 19:00:34', 'AVG8CRNZUOP83VJOJLA8', 'Y', 'N', NULL, '0000-00-00 00:00:00', '1', NULL),
(18, 41, '2018-01-12 06:13:25', '2KUPKVZO39OW4K69OZ8U', 'Y', 'N', NULL, '0000-00-00 00:00:00', '1', ''),
(19, 41, '2018-01-12 06:13:25', '2UBEVM7ZR0B55JE0316T', 'Y', 'N', NULL, '0000-00-00 00:00:00', '1', ''),
(20, 5, '2018-01-09 19:00:34', 'Z0P8U59N52K60T92VP1P', 'Y', 'N', NULL, '0000-00-00 00:00:00', '1', NULL),
(21, 5, '2018-01-09 19:00:34', '30F9467FC1G5GS578F4P', 'Y', 'U', 'sdfsdf', '2018-01-28 05:37:24', '1', NULL),
(22, 5, '2018-01-09 19:00:34', 'JSW4QL5C3AJ917HXM08Z', 'Y', 'N', NULL, '0000-00-00 00:00:00', '1', NULL),
(23, 5, '2018-01-09 19:00:34', 'LAN5WDC383Z48NUWV9SZ', 'Y', 'N', NULL, '0000-00-00 00:00:00', '1', NULL),
(24, 41, '2018-01-12 06:13:25', '06EYSO0L2U4G4RRLLC7M', 'Y', 'U', 'gao001', '2018-01-12 06:15:48', '1', ''),
(25, 5, '2018-01-09 19:00:34', 'F8578491OV0H38IT268T', 'Y', 'N', NULL, '0000-00-00 00:00:00', '1', NULL),
(26, 5, '2018-01-09 19:00:34', '687WL4V28A7X59O7H9QC', 'Y', 'N', NULL, '0000-00-00 00:00:00', '1', NULL),
(27, 5, '2018-01-09 19:00:34', '5S8W24A75L6GNWK6FF74', 'Y', 'N', NULL, '0000-00-00 00:00:00', '1', NULL),
(28, 5, '2018-01-09 19:00:34', 'B30AZW30B6MCMKT6217C', 'Y', 'N', NULL, '0000-00-00 00:00:00', '1', NULL),
(29, 5, '2018-01-09 19:00:34', 'L6DQNYFEZIL5S137EW0T', 'Y', 'N', NULL, '0000-00-00 00:00:00', '1', NULL),
(30, 5, '2018-01-09 19:00:34', 'W47B4U92V824F0A2D32O', 'Y', 'N', NULL, '0000-00-00 00:00:00', '1', NULL),
(31, 5, '2018-01-09 19:00:34', 'Q548FCA41RC64CE965R6', 'Y', 'N', NULL, '0000-00-00 00:00:00', '1', NULL),
(32, 5, '2018-01-09 19:00:34', 'VRKU7357M1Q9TO1582PP', 'Y', 'N', NULL, '0000-00-00 00:00:00', '1', NULL),
(33, 5, '2018-01-09 19:00:34', 'X3U8G2ZR3C4602CF7B0C', 'Y', 'N', NULL, '0000-00-00 00:00:00', '1', NULL),
(34, 5, '2018-01-09 19:00:34', '6GI430SV2UAYKNH986C8', 'Y', 'N', NULL, '0000-00-00 00:00:00', '1', NULL),
(35, 5, '2018-01-09 19:00:34', 'NDQZY4KNN09J4U7M3K3O', 'Y', 'N', NULL, '0000-00-00 00:00:00', '1', NULL),
(36, 5, '2018-01-09 19:00:34', 'YF5H955N07A9MZUVY8Y1', 'Y', 'N', NULL, '0000-00-00 00:00:00', '1', NULL),
(37, 5, '2018-01-09 19:00:34', 'I9E93PF1UNWS9QCQ92Z4', 'Y', 'N', NULL, '0000-00-00 00:00:00', '1', NULL),
(38, 5, '2018-01-09 19:00:34', 'LP6SR509F77N33KMJ17B', 'Y', 'N', NULL, '0000-00-00 00:00:00', '1', NULL),
(39, 5, '2018-01-09 19:00:34', '4AVO7SW8D5X0K0WTZ0ZK', 'Y', 'N', NULL, '0000-00-00 00:00:00', '1', NULL),
(40, 5, '2018-01-09 19:00:34', 'G21693GJBZ8UQM9DLK97', 'Y', 'N', NULL, '0000-00-00 00:00:00', '1', NULL),
(41, 5, '2018-01-09 19:00:34', '98R4H83U5XWHZS4G8DHC', 'Y', 'N', NULL, '0000-00-00 00:00:00', '1', NULL),
(42, 5, '2018-01-09 19:00:34', 'Y7GK8L80UBP7UV5O78RN', 'Y', 'N', NULL, '0000-00-00 00:00:00', '1', NULL),
(43, 5, '2018-01-09 19:00:34', 'MP24CU5Y6F09LUO7EPYQ', 'Y', 'N', NULL, '0000-00-00 00:00:00', '1', NULL),
(44, 5, '2018-01-09 19:00:34', '8T1NY2V4ROBK8336ZF29', 'Y', 'N', NULL, '0000-00-00 00:00:00', '1', NULL),
(45, 5, '2018-01-09 19:00:34', '89T6H0V5RXLF0X0MF68J', 'Y', 'N', NULL, '0000-00-00 00:00:00', '1', NULL),
(46, 5, '2018-01-09 19:00:34', '93864N3PCB21Z205292J', 'Y', 'N', NULL, '0000-00-00 00:00:00', '1', NULL),
(47, 5, '2018-01-09 19:00:34', 'Z5E9C2ZL16W7I8JNW310', 'Y', 'N', NULL, '0000-00-00 00:00:00', '1', NULL),
(48, 5, '2018-01-09 19:00:34', 'XVYMD94TF8KOY800Y88W', 'Y', 'N', NULL, '0000-00-00 00:00:00', '1', NULL),
(49, 5, '2018-01-09 19:00:34', 'Z46151K9V182I19G3WM8', 'Y', 'N', NULL, '0000-00-00 00:00:00', '1', NULL),
(50, 5, '2018-01-09 19:00:34', '370NHIQKZ33SOI4TU1P2', 'Y', 'N', NULL, '0000-00-00 00:00:00', '1', NULL),
(51, 41, '2018-01-12 06:13:25', '0J7H3O81LW0K3V44S82V', 'Y', 'N', NULL, '0000-00-00 00:00:00', '1', ''),
(52, 41, '2018-01-12 06:13:25', '2297S9JHWFSI1M3Y49N7', 'Y', 'N', NULL, '0000-00-00 00:00:00', '1', ''),
(53, 5, '2018-01-09 19:00:34', 'TS9284O8KB2107IY4D0P', 'Y', 'N', NULL, '0000-00-00 00:00:00', '1', NULL),
(54, 5, '2018-01-09 19:00:34', 'RB28AZY341L5J08721AG', 'Y', 'N', NULL, '0000-00-00 00:00:00', '1', NULL),
(55, 5, '2018-01-09 19:00:34', 'W4WZ5F5VLM7JAUT211W8', 'Y', 'N', NULL, '0000-00-00 00:00:00', '1', NULL),
(56, 41, '2018-01-12 06:13:25', '1HHOVV42994O1SS51INL', 'Y', 'N', NULL, '0000-00-00 00:00:00', '1', ''),
(57, 5, '2018-01-09 19:00:34', 'KAWB53B0G09UP1WMAH88', 'Y', 'N', NULL, '0000-00-00 00:00:00', '1', NULL),
(58, 5, '2018-01-09 19:00:34', 'SSVUC61RTDY2J5O3I731', 'Y', 'N', NULL, '0000-00-00 00:00:00', '1', NULL),
(59, 5, '2018-01-09 19:00:34', 'WYD13IURXEHU39F61TE5', 'Y', 'N', NULL, '0000-00-00 00:00:00', '1', NULL),
(60, 5, '2018-01-09 19:00:34', 'L65E2PB5VSFS6NY414ZV', 'Y', 'N', NULL, '0000-00-00 00:00:00', '1', NULL),
(61, 5, '2018-01-09 19:00:34', '4X2NEG9W8ML163VHOC5H', 'Y', 'N', NULL, '0000-00-00 00:00:00', '1', NULL),
(62, 5, '2018-01-09 19:00:34', 'V6VSGK8902QUZ7GFG8O1', 'Y', 'N', NULL, '0000-00-00 00:00:00', '1', NULL),
(63, 5, '2018-01-09 19:00:34', '4KL9J18579YH1Y70F0F2', 'Y', 'N', NULL, '0000-00-00 00:00:00', '1', NULL),
(64, 41, '2018-01-12 06:13:25', '15YA0Y856LZ1M28YW8FJ', 'Y', 'N', NULL, '0000-00-00 00:00:00', '1', ''),
(65, 5, '2018-01-09 19:00:34', 'U7O8C0U9K7W6ZQ4I809U', 'Y', 'N', NULL, '0000-00-00 00:00:00', '1', NULL),
(66, 5, '2018-01-09 19:00:34', 'VYQWZ78851GH5U1AFX52', 'Y', 'N', NULL, '0000-00-00 00:00:00', '1', NULL),
(67, 5, '2018-01-09 19:00:34', 'UG4E0TVO0LMPH68RW6IH', 'Y', 'N', NULL, '0000-00-00 00:00:00', '1', NULL),
(68, 5, '2018-01-09 19:00:34', '511XHN17990D74S1V25S', 'Y', 'N', NULL, '0000-00-00 00:00:00', '1', NULL),
(69, 5, '2018-01-09 19:00:34', 'WJK6ZODQR0PO3L550V0S', 'Y', 'N', NULL, '0000-00-00 00:00:00', '1', NULL),
(70, 5, '2018-01-09 19:00:34', '50K979WFQSRD5H353GW4', 'Y', 'N', NULL, '0000-00-00 00:00:00', '1', NULL),
(71, 5, '2018-01-09 19:00:34', 'ARYQVCZ495BFD303N7N3', 'Y', 'N', NULL, '0000-00-00 00:00:00', '1', NULL),
(72, 41, '2018-01-12 06:13:25', '243NM9807P0TNZKGY96C', 'Y', 'N', NULL, '0000-00-00 00:00:00', '1', ''),
(73, 5, '2018-01-09 19:00:34', '9HJ5XJZBU4O22BVM97RK', 'Y', 'N', NULL, '0000-00-00 00:00:00', '1', NULL),
(74, 5, '2018-01-09 19:00:34', '793E9W79AW59Q2V61G18', 'Y', 'N', NULL, '0000-00-00 00:00:00', '1', NULL),
(75, 5, '2018-01-09 19:00:34', '4BP2QTR760H73Y6S48ZN', 'Y', 'N', NULL, '0000-00-00 00:00:00', '1', NULL),
(76, 5, '2018-01-09 19:00:34', 'Q4CIFX65KP524HX29AL3', 'Y', 'N', NULL, '0000-00-00 00:00:00', '1', NULL),
(77, 5, '2018-01-09 19:00:34', '635G98RABKBC0O30QP9O', 'Y', 'N', NULL, '0000-00-00 00:00:00', '1', NULL),
(78, 5, '2018-01-09 19:00:34', 'TT0ME4PDD00XZ14R7M9W', 'Y', 'N', NULL, '0000-00-00 00:00:00', '1', NULL),
(79, 5, '2018-01-09 19:00:34', 'CKK1NI2TNYJKMDWNDR6M', 'Y', 'N', NULL, '0000-00-00 00:00:00', '1', NULL),
(80, 5, '2018-01-09 19:00:34', '5CZRYAPXI2HT8H6Z347G', 'Y', 'N', NULL, '0000-00-00 00:00:00', '1', NULL),
(81, 5, '2018-01-09 19:00:34', 'EG1LOURZK82S34T2X2ZP', 'Y', 'N', NULL, '0000-00-00 00:00:00', '1', NULL),
(82, 5, '2018-01-09 19:00:34', 'NKQXQ584GF8B5Y1NOA1J', 'Y', 'N', NULL, '0000-00-00 00:00:00', '1', NULL),
(83, 5, '2018-01-09 19:00:34', 'N8SW7CD8824073P449R9', 'Y', 'N', NULL, '0000-00-00 00:00:00', '1', NULL),
(84, 5, '2018-01-09 19:00:34', 'ZDLXHHLCQ059066PVW9N', 'Y', 'N', NULL, '0000-00-00 00:00:00', '1', NULL),
(85, 5, '2018-01-09 19:00:34', 'LBVW5YC5YZ67MJ711K08', 'Y', 'N', NULL, '0000-00-00 00:00:00', '1', NULL),
(86, 5, '2018-01-09 19:00:34', 'KN4K0Z4298KDHR8O3NVP', 'Y', 'N', NULL, '0000-00-00 00:00:00', '1', NULL),
(87, 5, '2018-01-09 19:00:34', '48NO405HN6Y133YU4RYM', 'Y', 'N', NULL, '0000-00-00 00:00:00', '1', NULL),
(88, 5, '2018-01-09 19:00:34', 'RG8RE9UJDGWA7LUCTZ8D', 'Y', 'N', NULL, '0000-00-00 00:00:00', '1', NULL),
(89, 5, '2018-01-09 19:00:34', '6DXSF3JZI8235OA9TI7H', 'Y', 'N', NULL, '0000-00-00 00:00:00', '1', NULL),
(90, 5, '2018-01-09 19:00:34', '3EH0S912YD8I3PCN2786', 'Y', 'N', NULL, '0000-00-00 00:00:00', '1', NULL),
(91, 5, '2018-01-09 19:00:34', 'WD80689YDUC5FE3RW9PD', 'Y', 'N', NULL, '0000-00-00 00:00:00', '1', NULL),
(92, 5, '2018-01-09 19:00:34', 'IX911T8X56I94MW27064', 'Y', 'N', NULL, '0000-00-00 00:00:00', '1', NULL),
(93, 5, '2018-01-09 19:00:34', 'QOEL51CSAT4290O2WA6O', 'Y', 'N', NULL, '0000-00-00 00:00:00', '1', NULL),
(94, 41, '2018-01-12 06:13:25', '2A4FX64HI2LM5WFLSA64', 'Y', 'N', NULL, '0000-00-00 00:00:00', '1', ''),
(95, 5, '2018-01-09 19:00:34', 'P0GZ2J8982I4G0K8S3MX', 'Y', 'N', NULL, '0000-00-00 00:00:00', '1', NULL),
(96, 5, '2018-01-09 19:00:34', '34L9HX3V73TURNL5FHR9', 'Y', 'N', NULL, '0000-00-00 00:00:00', '1', NULL),
(97, 5, '2018-01-09 19:00:34', 'YTXG54L6IHN18M6EDX6L', 'Y', 'N', NULL, '0000-00-00 00:00:00', '1', NULL),
(98, 5, '2018-01-09 19:00:34', 'YCGQC8HGREU899LMO2FZ', 'Y', 'N', NULL, '0000-00-00 00:00:00', '1', NULL),
(99, 5, '2018-01-09 19:00:34', 'E0H593CNU6L744DKEC16', 'Y', 'N', NULL, '0000-00-00 00:00:00', '1', NULL),
(100, 5, '2018-01-09 19:00:34', 'JP94QUZ3GI2O7IA4M558', 'Y', 'N', NULL, '0000-00-00 00:00:00', '1', NULL),
(101, 5, '2018-01-09 19:00:34', 'ETJA6NSI1974VGB331MM', 'Y', 'N', NULL, '0000-00-00 00:00:00', '1', NULL);

-- --------------------------------------------------------

--
-- Table structure for table `tblpin2`
--

DROP TABLE IF EXISTS `tblpin2`;
CREATE TABLE `tblpin2` (
  `id` int(11) NOT NULL,
  `managerid` int(11) DEFAULT NULL,
  `requestdate` datetime NOT NULL,
  `pin` varchar(40) NOT NULL,
  `paid` varchar(3) NOT NULL,
  `status` varchar(3) NOT NULL,
  `useby` varchar(40) DEFAULT NULL,
  `usedate` datetime NOT NULL DEFAULT '0000-00-00 00:00:00',
  `note` varchar(50) NOT NULL,
  `note1` varchar(50) DEFAULT NULL
) ENGINE=InnoDB DEFAULT CHARSET=utf8;

--
-- Dumping data for table `tblpin2`
--

INSERT INTO `tblpin2` (`id`, `managerid`, `requestdate`, `pin`, `paid`, `status`, `useby`, `usedate`, `note`, `note1`) VALUES
(1, 5, '2018-01-09 19:00:52', 'Y25I1UK401JU7726U1LD', 'Y', 'N', NULL, '0000-00-00 00:00:00', '1', NULL),
(2, 5, '2018-01-09 19:00:52', 'VID2Z4WQ6575HBDA6VIU', 'Y', 'N', NULL, '0000-00-00 00:00:00', '1', NULL),
(3, 5, '2018-01-09 19:00:52', '460S3P8186IT7WKNFN6V', 'Y', 'U', '66', '2018-01-14 02:26:35', '1', NULL),
(4, 5, '2018-01-09 19:00:52', 'R6V0O7IM6H04CH2HR7W7', 'Y', 'N', NULL, '0000-00-00 00:00:00', '1', NULL),
(5, 5, '2018-01-09 19:00:52', 'RZ04IU7R19QXE2027NCU', 'Y', 'N', NULL, '0000-00-00 00:00:00', '1', NULL),
(6, 5, '2018-01-09 19:00:52', 'BH3CH1CH649JEVQ0G7Z7', 'Y', 'N', NULL, '0000-00-00 00:00:00', '1', NULL),
(7, 5, '2018-01-09 19:00:52', 'RW6JK03U5AG8ZGO2309I', 'Y', 'N', NULL, '0000-00-00 00:00:00', '1', NULL),
(8, 41, '2018-01-12 06:13:46', '183X38VL3IWKRAQ9IB1K', 'Y', 'U', '25', '2018-01-12 06:16:52', '1', ''),
(9, 5, '2018-01-09 19:00:52', 'LA0G6T3EF735099I54R7', 'Y', 'N', NULL, '0000-00-00 00:00:00', '1', NULL),
(10, 5, '2018-01-09 19:00:52', '3BL2006U5PTQ9T6D05N3', 'Y', 'U', '64', '2018-01-14 01:54:52', '1', NULL),
(11, 5, '2018-01-09 19:00:52', 'YNIGCK3HFQEQH8ZTEW2B', 'Y', 'N', NULL, '0000-00-00 00:00:00', '1', NULL),
(12, 6, '2018-01-14 16:28:20', '5I8L5GBSZ5VM8E4710F9', 'Y', 'U', '86', '2018-01-14 16:29:20', '1', ''),
(13, 5, '2018-01-09 19:00:52', 'DS0D3SP4BM7MGROZ799S', 'Y', 'N', NULL, '0000-00-00 00:00:00', '1', NULL),
(14, 5, '2018-01-09 19:00:52', 'VGWLB7Z8UZG1M165FBRP', 'Y', 'N', NULL, '0000-00-00 00:00:00', '1', NULL),
(15, 5, '2018-01-09 19:00:52', 'QKI4USTCKA4T0J8535WI', 'Y', 'N', NULL, '0000-00-00 00:00:00', '1', NULL),
(16, 5, '2018-01-09 19:00:52', 'BN1DD2V6HB7G81M019X9', 'Y', 'N', NULL, '0000-00-00 00:00:00', '1', NULL),
(17, 5, '2018-01-09 19:00:52', '7OR294BFWJRYIX6XA8J4', 'Y', 'N', NULL, '0000-00-00 00:00:00', '1', NULL),
(18, 5, '2018-01-09 19:00:52', 'GL9RJQL94K2G7BU952RE', 'Y', 'N', NULL, '0000-00-00 00:00:00', '1', NULL),
(19, 5, '2018-01-09 19:00:52', '7J8KOH0O325826WUZD03', 'Y', 'N', NULL, '0000-00-00 00:00:00', '1', NULL),
(20, 5, '2018-01-09 19:00:52', 'WEPGX5TRH6088HX2JL2W', 'Y', 'N', NULL, '0000-00-00 00:00:00', '1', NULL),
(21, 5, '2018-01-09 19:00:52', 'A7641TRQ29DXG633H5PH', 'Y', 'N', NULL, '0000-00-00 00:00:00', '1', NULL),
(22, 5, '2018-01-09 19:00:52', 'K8D4Z3RXJGA040177KQ6', 'Y', 'N', NULL, '0000-00-00 00:00:00', '1', NULL),
(23, 5, '2018-01-09 19:00:52', 'G12E53P02SB9642C56QW', 'Y', 'N', NULL, '0000-00-00 00:00:00', '1', NULL),
(24, 5, '2018-01-09 19:00:52', 'XJYK9UYT5E5D644Y059F', 'Y', 'N', NULL, '0000-00-00 00:00:00', '1', NULL),
(25, 5, '2018-01-09 19:00:52', 'D1NM7WG0FR259025IFZM', 'Y', 'N', NULL, '0000-00-00 00:00:00', '1', NULL),
(26, 6, '2018-01-14 16:28:20', '63MDTMME571SR8UTQKYZ', 'Y', 'N', NULL, '0000-00-00 00:00:00', '1', ''),
(27, 5, '2018-01-09 19:00:52', 'LO0MD5UUR9M8404UKPG3', 'Y', 'N', NULL, '0000-00-00 00:00:00', '1', NULL),
(28, 5, '2018-01-09 19:00:52', 'Y6685B181DAVX3D060JS', 'Y', 'N', NULL, '0000-00-00 00:00:00', '1', NULL),
(29, 5, '2018-01-09 19:00:52', '8UI2LBUO91307V3A5AHR', 'Y', 'N', NULL, '0000-00-00 00:00:00', '1', NULL),
(30, 41, '2018-01-12 06:13:46', '1QJJSTG4L44AXI7NYBG3', 'Y', 'N', NULL, '0000-00-00 00:00:00', '1', ''),
(31, 5, '2018-01-09 19:00:52', '83VUAU58NQ893I126LX0', 'Y', 'N', NULL, '0000-00-00 00:00:00', '1', NULL),
(32, 5, '2018-01-09 19:00:52', 'CL54657CVZX3AC24LG0Y', 'Y', 'N', NULL, '0000-00-00 00:00:00', '1', NULL),
(33, 5, '2018-01-09 19:00:52', 'HG7Q5881Y89X99W2WSD5', 'Y', 'N', NULL, '0000-00-00 00:00:00', '1', NULL),
(34, 6, '2018-01-14 16:28:20', '4P7M5LLRUVO2BHZKUQBO', 'Y', 'U', '83', '2018-01-14 16:28:48', '1', ''),
(35, 5, '2018-01-09 19:00:52', 'N68D4TAPCDU8934HK0ZX', 'Y', 'N', NULL, '0000-00-00 00:00:00', '1', NULL),
(36, 5, '2018-01-09 19:00:52', '36ZWEMFSD9KZP8X22AZX', 'Y', 'U', '63', '2018-01-14 01:52:38', '1', NULL),
(37, 5, '2018-01-09 19:00:52', '7O26D39VSXR0R27CD3ZB', 'Y', 'N', NULL, '0000-00-00 00:00:00', '1', NULL),
(38, 5, '2018-01-09 19:00:52', 'JPL69J88P2J20S91S5YG', 'Y', 'N', NULL, '0000-00-00 00:00:00', '1', NULL),
(39, 5, '2018-01-09 19:00:52', 'P7B3Y01E6X193195AIK4', 'Y', 'N', NULL, '0000-00-00 00:00:00', '1', NULL),
(40, 5, '2018-01-09 19:00:52', 'EXH5SBDW7LLUKFXV88UN', 'Y', 'N', NULL, '0000-00-00 00:00:00', '1', NULL),
(41, 41, '2018-01-12 06:13:46', '2MEQ59F9O08AL4AYKP85', 'Y', 'N', NULL, '0000-00-00 00:00:00', '1', ''),
(42, 5, '2018-01-09 19:00:52', 'SEBA65N4PKT274MO772X', 'Y', 'N', NULL, '0000-00-00 00:00:00', '1', NULL),
(43, 5, '2018-01-09 19:00:52', 'VZ39G7K6O9VQUL07OJ0H', 'Y', 'N', NULL, '0000-00-00 00:00:00', '1', NULL),
(44, 6, '2018-01-14 16:28:20', '5Q3FV8C1NL752659QK26', 'Y', 'U', '86', '2018-01-14 16:29:20', '1', ''),
(45, 41, '2018-01-12 06:13:46', '28Z8EE83S230QIK5PMG5', 'Y', 'N', NULL, '0000-00-00 00:00:00', '1', ''),
(46, 5, '2018-01-09 19:00:52', 'H11K7IGLZZJJZS4Z8B50', 'Y', 'N', NULL, '0000-00-00 00:00:00', '1', NULL),
(47, 5, '2018-01-09 19:00:52', 'I05LS24CJUODMIZ8G060', 'Y', 'N', NULL, '0000-00-00 00:00:00', '1', NULL),
(48, 5, '2018-01-09 19:00:52', 'RCX62YDQ7NT5IK02KGY3', 'Y', 'N', NULL, '0000-00-00 00:00:00', '1', NULL),
(49, 5, '2018-01-09 19:00:52', '88F0MCMQW3TXOKOLV8E0', 'Y', 'N', NULL, '0000-00-00 00:00:00', '1', NULL),
(50, 6, '2018-01-14 16:28:20', '6F31ZP4ASBL1B7LU9C7Q', 'Y', 'N', NULL, '0000-00-00 00:00:00', '1', ''),
(51, 5, '2018-01-09 19:00:52', 'EY28Z128HB7B815T8MS4', 'Y', 'N', NULL, '0000-00-00 00:00:00', '1', NULL),
(52, 6, '2018-01-14 16:28:20', '6A47E51GPS0KW639R1WL', 'Y', 'N', NULL, '0000-00-00 00:00:00', '1', ''),
(53, 5, '2018-01-09 19:00:52', '41J5C7UN2SX9M29K5JJ9', 'Y', 'U', '66', '2018-01-14 02:26:35', '1', NULL),
(54, 5, '2018-01-09 19:00:52', 'DF4DJ7CRP47NVED74M54', 'Y', 'N', NULL, '0000-00-00 00:00:00', '1', NULL),
(55, 5, '2018-01-09 19:00:52', 'D0J9X1WDXT302T8D70OG', 'Y', 'N', NULL, '0000-00-00 00:00:00', '1', NULL),
(56, 5, '2018-01-09 19:00:52', 'J747DKQRS1CWJHE1LS64', 'Y', 'N', NULL, '0000-00-00 00:00:00', '1', NULL),
(57, 5, '2018-01-09 19:00:52', 'WVBEH02DO94BLSOKJ12V', 'Y', 'N', NULL, '0000-00-00 00:00:00', '1', NULL),
(58, 5, '2018-01-09 19:00:52', '6LP7T2Z787KI6GQNI501', 'Y', 'N', NULL, '0000-00-00 00:00:00', '1', NULL),
(59, 5, '2018-01-09 19:00:52', 'MR0FE1W6MD8JW4Y7F76S', 'Y', 'N', NULL, '0000-00-00 00:00:00', '1', NULL),
(60, 5, '2018-01-09 19:00:52', 'N84W99U9PJJ789RSI61Z', 'Y', 'N', NULL, '0000-00-00 00:00:00', '1', NULL),
(61, 5, '2018-01-09 19:00:52', 'JB5W8L1H56TGLUQTJ4BL', 'Y', 'N', NULL, '0000-00-00 00:00:00', '1', NULL),
(62, 5, '2018-01-09 19:00:52', 'MNWD6QIWN6G9V3DN10XP', 'Y', 'N', NULL, '0000-00-00 00:00:00', '1', NULL),
(63, 5, '2018-01-09 19:00:52', 'D3WBWNH2CW41MM79GK9M', 'Y', 'N', NULL, '0000-00-00 00:00:00', '1', NULL),
(64, 5, '2018-01-09 19:00:52', 'AENG50AC23VAXF3JK9IY', 'Y', 'N', NULL, '0000-00-00 00:00:00', '1', NULL),
(65, 5, '2018-01-09 19:00:52', 'JYEL2TXG52YEVV6T5O3G', 'Y', 'N', NULL, '0000-00-00 00:00:00', '1', NULL),
(66, 41, '2018-01-12 06:13:46', '1DGLVDJG4P20VY93RQ6N', 'Y', 'N', NULL, '0000-00-00 00:00:00', '1', ''),
(67, 5, '2018-01-09 19:00:52', '0YE68ZQEMX0W2G84XR4K', 'Y', 'U', '12', '2018-01-10 23:06:14', '1', NULL),
(68, 5, '2018-01-09 19:00:52', 'KKDLY94435Q8I9MEOI17', 'Y', 'N', NULL, '0000-00-00 00:00:00', '1', NULL),
(69, 5, '2018-01-09 19:00:52', 'W7595ABG781I6PO7S764', 'Y', 'N', NULL, '0000-00-00 00:00:00', '1', NULL),
(70, 5, '2018-01-09 19:00:52', 'V4O89XMA42OS6JV4RGM4', 'Y', 'N', NULL, '0000-00-00 00:00:00', '1', NULL),
(71, 5, '2018-01-09 19:00:52', '97AOWDAMTOD000CZ2LA5', 'Y', 'N', NULL, '0000-00-00 00:00:00', '1', NULL),
(72, 5, '2018-01-09 19:00:52', 'UO8278N7MXVGPU00Y5RQ', 'Y', 'N', NULL, '0000-00-00 00:00:00', '1', NULL),
(73, 5, '2018-01-09 19:00:52', 'SD2EH9IOOBXC621239V4', 'Y', 'N', NULL, '0000-00-00 00:00:00', '1', NULL),
(74, 5, '2018-01-09 19:00:52', 'HFTI5AUAV475OKFG1167', 'Y', 'N', NULL, '0000-00-00 00:00:00', '1', NULL),
(75, 6, '2018-01-14 16:28:20', '62K3FFF5CRSAET3J50F4', 'Y', 'N', NULL, '0000-00-00 00:00:00', '1', ''),
(76, 5, '2018-01-09 19:00:52', '9QJ94V6JCN3FAZN7S5GB', 'Y', 'N', NULL, '0000-00-00 00:00:00', '1', NULL),
(77, 41, '2018-01-12 06:13:46', '29H3DISGX5WA5JAEJOM7', 'Y', 'N', NULL, '0000-00-00 00:00:00', '1', ''),
(78, 41, '2018-01-12 06:13:46', '1OT5RC6MI6L3O3JQX7V9', 'Y', 'N', NULL, '0000-00-00 00:00:00', '1', ''),
(79, 41, '2018-01-12 06:13:46', '1DORN6ZZ50EFIO617849', 'Y', 'N', NULL, '0000-00-00 00:00:00', '1', ''),
(80, 5, '2018-01-09 19:00:52', '2MW52M8ELXM4506A7FTG', 'Y', 'U', '62', '2018-01-13 18:58:20', '1', NULL),
(81, 5, '2018-01-09 19:00:52', 'O47B1Y6W29RN7A2QU746', 'Y', 'N', NULL, '0000-00-00 00:00:00', '1', NULL),
(82, 5, '2018-01-09 19:00:52', '9EUOQ8IZ29PC2GF20D1C', 'Y', 'N', NULL, '0000-00-00 00:00:00', '1', NULL),
(83, 6, '2018-01-14 16:28:20', '5137V9WY3H2ETLA08YT4', 'Y', 'U', '84', '2018-01-14 16:29:01', '1', ''),
(84, 6, '2018-01-14 16:28:20', '5A674F3EI54M4PA006OM', 'Y', 'U', '85', '2018-01-14 16:29:10', '1', ''),
(85, 5, '2018-01-09 19:00:52', 'TU5R3MFCVIN3T2TRWC5I', 'Y', 'N', NULL, '0000-00-00 00:00:00', '1', NULL),
(86, 6, '2018-01-14 16:28:20', '5TBE7XZ4JX34F04VD4M8', 'Y', 'N', NULL, '0000-00-00 00:00:00', '1', ''),
(87, 5, '2018-01-09 19:00:52', 'GC5HZPA7XE8B3F8E9IS7', 'Y', 'N', NULL, '0000-00-00 00:00:00', '1', NULL),
(88, 5, '2018-01-09 19:00:52', 'D1X4RJBWW6J626Y8RHA1', 'Y', 'N', NULL, '0000-00-00 00:00:00', '1', NULL),
(89, 5, '2018-01-09 19:00:52', 'I51P20I78IS435ZK7P63', 'Y', 'N', NULL, '0000-00-00 00:00:00', '1', NULL),
(90, 5, '2018-01-09 19:00:52', '7S99L1DTV2XEPIS48784', 'Y', 'N', NULL, '0000-00-00 00:00:00', '1', NULL),
(91, 5, '2018-01-09 19:00:52', '74QELLL05RBNXAVPLCF9', 'Y', 'N', NULL, '0000-00-00 00:00:00', '1', NULL),
(92, 41, '2018-01-12 06:13:46', '1KK35SE823A9RG3Q3MZI', 'Y', 'N', NULL, '0000-00-00 00:00:00', '1', ''),
(93, 5, '2018-01-09 19:00:52', '3Q89Q6J60SK2M6032BV3', 'Y', 'U', '65', '2018-01-14 02:08:17', '1', NULL),
(94, 5, '2018-01-09 19:00:52', 'LKMA343G1Q6Z4GX1ZLZX', 'Y', 'N', NULL, '0000-00-00 00:00:00', '1', NULL),
(95, 5, '2018-01-09 19:00:52', '4ASQ453LUNKU2Y94H4G3', 'Y', 'U', '67', '2018-01-14 02:29:25', '1', NULL),
(96, 5, '2018-01-09 19:00:52', 'J20YY4D1Y0LSLSGS2HSI', 'Y', 'N', NULL, '0000-00-00 00:00:00', '1', NULL),
(97, 5, '2018-01-09 19:00:52', 'UTY4RNZICCQJJOXAE8Y9', 'Y', 'N', NULL, '0000-00-00 00:00:00', '1', NULL),
(98, 5, '2018-01-09 19:00:52', 'AFE571LKL0XQ3503ZRD8', 'Y', 'N', NULL, '0000-00-00 00:00:00', '1', NULL),
(99, 5, '2018-01-09 19:00:52', 'T89JR8A27JCTE14N86Z9', 'Y', 'N', NULL, '0000-00-00 00:00:00', '1', NULL),
(100, 41, '2018-01-12 06:13:46', '1LP1KRIYH3FYU80T1F2D', 'Y', 'N', NULL, '0000-00-00 00:00:00', '1', ''),
(101, 5, '2018-01-09 19:00:52', 'YXMSIGPMJ1VQ46S21F2K', 'Y', 'N', NULL, '0000-00-00 00:00:00', '1', NULL),
(102, 5, '2018-01-09 19:00:52', 'NME3Y50G272C93IMX418', 'Y', 'N', NULL, '0000-00-00 00:00:00', '1', NULL);

-- --------------------------------------------------------

--
-- Table structure for table `tblpinlog`
--

DROP TABLE IF EXISTS `tblpinlog`;
CREATE TABLE `tblpinlog` (
  `id` int(11) NOT NULL,
  `requestby` varchar(30) NOT NULL,
  `requestdate` datetime NOT NULL,
  `issueby` varchar(20) NOT NULL,
  `pins` int(11) NOT NULL,
  `paid` varchar(3) NOT NULL,
  `note` varchar(255) NOT NULL,
  `leader` varchar(20) NOT NULL,
  `leader1` varchar(20) DEFAULT NULL
) ENGINE=InnoDB DEFAULT CHARSET=utf8;

--
-- Dumping data for table `tblpinlog`
--

INSERT INTO `tblpinlog` (`id`, `requestby`, `requestdate`, `issueby`, `pins`, `paid`, `note`, `leader`, `leader1`) VALUES
(1, 'mem001', '2018-01-09 18:57:52', 'jjadmin', 100, 'Y', '', 'mem001', NULL);

-- --------------------------------------------------------

--
-- Table structure for table `tblpinlog1`
--

DROP TABLE IF EXISTS `tblpinlog1`;
CREATE TABLE `tblpinlog1` (
  `id` int(11) NOT NULL,
  `requestby` varchar(30) NOT NULL,
  `requestdate` datetime NOT NULL,
  `issueby` varchar(20) NOT NULL,
  `pins` int(11) NOT NULL,
  `paid` varchar(3) NOT NULL,
  `note` varchar(255) NOT NULL,
  `leader` varchar(20) NOT NULL,
  `leader1` varchar(20) DEFAULT NULL
) ENGINE=InnoDB DEFAULT CHARSET=utf8;

--
-- Dumping data for table `tblpinlog1`
--

INSERT INTO `tblpinlog1` (`id`, `requestby`, `requestdate`, `issueby`, `pins`, `paid`, `note`, `leader`, `leader1`) VALUES
(1, 'mem001', '2018-01-09 19:00:34', 'jjadmin', 101, 'Y', '', 'mem001', NULL);

-- --------------------------------------------------------

--
-- Table structure for table `tblpinlog2`
--

DROP TABLE IF EXISTS `tblpinlog2`;
CREATE TABLE `tblpinlog2` (
  `id` int(11) NOT NULL,
  `requestby` varchar(30) NOT NULL,
  `requestdate` datetime NOT NULL,
  `issueby` varchar(20) NOT NULL,
  `pins` int(11) NOT NULL,
  `paid` varchar(3) NOT NULL,
  `note` varchar(255) NOT NULL,
  `leader` varchar(20) NOT NULL,
  `leader1` varchar(20) DEFAULT NULL
) ENGINE=InnoDB DEFAULT CHARSET=utf8;

--
-- Dumping data for table `tblpinlog2`
--

INSERT INTO `tblpinlog2` (`id`, `requestby`, `requestdate`, `issueby`, `pins`, `paid`, `note`, `leader`, `leader1`) VALUES
(1, 'mem001', '2018-01-09 19:00:52', 'jjadmin', 102, 'Y', '', 'mem001', NULL);

-- --------------------------------------------------------

--
-- Table structure for table `tblpintran`
--

DROP TABLE IF EXISTS `tblpintran`;
CREATE TABLE `tblpintran` (
  `id` int(11) NOT NULL,
  `idfrom` int(11) NOT NULL,
  `idto` int(11) NOT NULL,
  `efrom` varchar(60) NOT NULL,
  `eto` varchar(60) NOT NULL,
  `qty` int(11) NOT NULL DEFAULT '0',
  `trdate` datetime NOT NULL
) ENGINE=InnoDB DEFAULT CHARSET=utf8;

--
-- Dumping data for table `tblpintran`
--

INSERT INTO `tblpintran` (`id`, `idfrom`, `idto`, `efrom`, `eto`, `qty`, `trdate`) VALUES
(1, 1, 5, 'jjadmin', 'mem001', 100, '2018-01-09 18:57:52'),
(2, 4, 40, 'jjroot', 'patrick', 2, '2018-01-13 03:35:17'),
(3, 4, 40, 'jjroot', 'patrick', 2, '2018-01-13 03:36:40'),
(4, 4, 40, 'jjroot', 'patrick', 2, '2018-01-13 03:36:41'),
(5, 4, 40, 'jjroot', 'patrick', 2, '2018-01-13 03:36:54'),
(6, 5, 40, 'mem001', 'patrick', 10, '2018-01-13 03:39:50'),
(7, 5, 6, 'mem001', 'mem002', 10, '2018-01-14 04:02:00');

-- --------------------------------------------------------

--
-- Table structure for table `tblpintran1`
--

DROP TABLE IF EXISTS `tblpintran1`;
CREATE TABLE `tblpintran1` (
  `id` int(11) NOT NULL,
  `idfrom` int(11) NOT NULL,
  `idto` int(11) NOT NULL,
  `efrom` varchar(60) NOT NULL,
  `eto` varchar(60) NOT NULL,
  `qty` int(11) NOT NULL DEFAULT '0',
  `trdate` datetime NOT NULL
) ENGINE=InnoDB DEFAULT CHARSET=utf8;

--
-- Dumping data for table `tblpintran1`
--

INSERT INTO `tblpintran1` (`id`, `idfrom`, `idto`, `efrom`, `eto`, `qty`, `trdate`) VALUES
(1, 1, 5, 'jjadmin', 'mem001', 101, '2018-01-09 19:00:34'),
(2, 5, 41, 'mem001', 'gaozong', 10, '2018-01-12 06:13:25');

-- --------------------------------------------------------

--
-- Table structure for table `tblpintran2`
--

DROP TABLE IF EXISTS `tblpintran2`;
CREATE TABLE `tblpintran2` (
  `id` int(11) NOT NULL,
  `idfrom` int(11) NOT NULL,
  `idto` int(11) NOT NULL,
  `efrom` varchar(60) NOT NULL,
  `eto` varchar(60) NOT NULL,
  `qty` int(11) NOT NULL DEFAULT '0',
  `trdate` datetime NOT NULL
) ENGINE=InnoDB DEFAULT CHARSET=utf8;

--
-- Dumping data for table `tblpintran2`
--

INSERT INTO `tblpintran2` (`id`, `idfrom`, `idto`, `efrom`, `eto`, `qty`, `trdate`) VALUES
(1, 1, 5, 'jjadmin', 'mem001', 102, '2018-01-09 19:00:52'),
(2, 5, 41, 'mem001', 'gaozong', 10, '2018-01-12 06:13:46'),
(3, 5, 6, 'mem001', 'mem002', 10, '2018-01-14 16:28:20');

-- --------------------------------------------------------

--
-- Table structure for table `tblsetup`
--

DROP TABLE IF EXISTS `tblsetup`;
CREATE TABLE `tblsetup` (
  `id` int(11) NOT NULL,
  `domain` varchar(50) NOT NULL,
  `app_code` varchar(10) DEFAULT NULL,
  `plan` varchar(5) NOT NULL,
  `pincost` int(11) NOT NULL,
  `pinrebate` int(11) NOT NULL,
  `phlist` varchar(200) NOT NULL,
  `phpin` varchar(100) NOT NULL DEFAULT '',
  `ghlist` varchar(200) NOT NULL DEFAULT '',
  `ghmin` varchar(100) NOT NULL DEFAULT '',
  `ghmax` varchar(100) NOT NULL DEFAULT '',
  `ghmultiple` varchar(100) NOT NULL DEFAULT '',
  `ghcount` varchar(100) NOT NULL DEFAULT '',
  `exrate` varchar(20) NOT NULL,
  `currency` varchar(10) NOT NULL,
  `currencyname` varchar(30) NOT NULL,
  `phdays` varchar(10) NOT NULL DEFAULT '0',
  `banklist` varchar(1024) DEFAULT NULL,
  `maintain` int(11) NOT NULL DEFAULT '0',
  `manualdate` int(11) NOT NULL,
  `time_offset` varchar(20) NOT NULL,
  `masterpass` varchar(20) NOT NULL,
  `allowph` int(11) NOT NULL DEFAULT '1',
  `allowgh` int(11) NOT NULL DEFAULT '1',
  `lang` int(11) NOT NULL DEFAULT '2',
  `feature` varchar(50) NOT NULL,
  `nextph` varchar(20) DEFAULT NULL,
  `next_limit` int(11) NOT NULL DEFAULT '300',
  `next_state` varchar(2) NOT NULL DEFAULT 'B',
  `maxaccount` int(11) NOT NULL DEFAULT '999',
  `username_len` int(11) NOT NULL DEFAULT '0',
  `password_len` int(11) NOT NULL DEFAULT '0',
  `phone_len` int(11) NOT NULL,
  `china_bank` int(1) DEFAULT '0',
  `btc` int(1) NOT NULL DEFAULT '1',
  `eth` varchar(40) NOT NULL DEFAULT '',
  `use_captcha` int(1) DEFAULT '1'
) ENGINE=InnoDB DEFAULT CHARSET=utf8;

--
-- Dumping data for table `tblsetup`
--

INSERT INTO `tblsetup` (`id`, `domain`, `app_code`, `plan`, `pincost`, `pinrebate`, `phlist`, `phpin`, `ghlist`, `ghmin`, `ghmax`, `ghmultiple`, `ghcount`, `exrate`, `currency`, `currencyname`, `phdays`, `banklist`, `maintain`, `manualdate`, `time_offset`, `masterpass`, `allowph`, `allowgh`, `lang`, `feature`, `nextph`, `next_limit`, `next_state`, `maxaccount`, `username_len`, `password_len`, `phone_len`, `china_bank`, `btc`, `eth`, `use_captcha`) VALUES
(1, 'jj', 'jj', '1', 60, 0, '100, 200, 300, 400, 500, 600, 700, 800, 900, 1000', '', 'deposit,refer,manager,level', '100,300,300,500', '', '100,100,500,100', '2,1,1,1', '1', 'USD', 'US Dollars', '1', '', 0, 0, '0', 'gg1123212', 0, 0, 90, '', '18:00:00', 300, '0', 1, 6, 6, 0, 0, 1, '1', 1),
(2, 'cxt', 'cxt', '1', 60, 0, '1000,2000,3000,4000', '1,1,2,2', '', '', '', '', '', '1', 'RMB', 'Renminbi', '0', ',,,,,,,,,,,,,,,,,,,,,,,,,,,,,,,,,,,,,,,,,,,,,,,,,', 0, 0, '0', 'gg1123212', 0, 0, 1, '', '18:00:00', 300, '0', 16, 6, 2, 0, 0, 1, '1', 1),
(3, '3m', '3m', '1', 60, 0, '100,300,500,1000,3000,5000', '', 'deposit,referral,manager,level', '100,300,300,500', '', '100,100,100,100', '1,1,1,1', '1', 'USD', 'US Dollars', '2', NULL, 0, 0, '', 'gg1123212', 1, 1, 90, '', NULL, 300, 'B', 1, 6, 6, 0, 1, 1, '1', 1);

-- --------------------------------------------------------

--
-- Table structure for table `tblsupport`
--

DROP TABLE IF EXISTS `tblsupport`;
CREATE TABLE `tblsupport` (
  `id` int(11) NOT NULL,
  `mem_id` int(11) NOT NULL,
  `username` varchar(40) NOT NULL,
  `question` varchar(10) NOT NULL,
  `subject` varchar(40) NOT NULL,
  `content` varchar(512) NOT NULL,
  `mdate` datetime NOT NULL,
  `rcontent` varchar(255) NOT NULL,
  `rdate` datetime NOT NULL,
  `status` varchar(2) NOT NULL,
  `action` varchar(2) NOT NULL
) ENGINE=InnoDB DEFAULT CHARSET=utf8;

--
-- Dumping data for table `tblsupport`
--

INSERT INTO `tblsupport` (`id`, `mem_id`, `username`, `question`, `subject`, `content`, `mdate`, `rcontent`, `rdate`, `status`, `action`) VALUES
(1, 51, 'patrick', '', '', 'aaaaa', '2018-01-07 04:28:41', '', '0000-00-00 00:00:00', '', ''),
(2, 4, 'jjroot', '2', '`11', '11', '2018-01-09 23:38:03', '', '0000-00-00 00:00:00', '', ''),
(3, 4, 'jjroot', '', '', '22', '2018-01-12 15:19:44', '', '0000-00-00 00:00:00', '', ''),
(4, 4, 'jjroot', '', '11', '22', '2018-01-13 15:46:37', '', '0000-00-00 00:00:00', '', ''),
(5, 4, 'jjroot', '', '', 'xfvxdvds', '2018-01-13 15:46:55', '', '0000-00-00 00:00:00', '', ''),
(6, 4, 'jjroot', '', 'My account was locked', 'Please help look into the matter as I can not login to my account\r\n\r\nthanks', '2018-01-13 15:55:26', '', '0000-00-00 00:00:00', '', ''),
(7, 5, 'mem001', '', 'aaaa', 'aaaadasdasda\r\nfg dsfdsf sfs\r\ndfgfdg', '2018-01-14 03:29:40', '', '0000-00-00 00:00:00', '', '');

--
-- Indexes for dumped tables
--

--
-- Indexes for table `tblaccesslog`
--
ALTER TABLE `tblaccesslog`
  ADD PRIMARY KEY (`id`);

--
-- Indexes for table `tblaccesslog1`
--
ALTER TABLE `tblaccesslog1`
  ADD PRIMARY KEY (`id`),
  ADD UNIQUE KEY `nodupe` (`user_name`,`l_date`);

--
-- Indexes for table `tblbank`
--
ALTER TABLE `tblbank`
  ADD PRIMARY KEY (`id`),
  ADD KEY `mem_id` (`mem_id`);

--
-- Indexes for table `tblcounter`
--
ALTER TABLE `tblcounter`
  ADD PRIMARY KEY (`id`),
  ADD KEY `code` (`code`);

--
-- Indexes for table `tblhelp`
--
ALTER TABLE `tblhelp`
  ADD PRIMARY KEY (`id`),
  ADD UNIQUE KEY `nodupe` (`mem_id`,`g_date`),
  ADD KEY `status` (`status`,`id`),
  ADD KEY `g_type` (`g_type`,`id`),
  ADD KEY `mgr_id` (`mgr_id`),
  ADD KEY `priority` (`g_type`,`priority`,`g_date`),
  ADD KEY `sms` (`sms`);

--
-- Indexes for table `tblhelpdetail`
--
ALTER TABLE `tblhelpdetail`
  ADD PRIMARY KEY (`id`),
  ADD KEY `id` (`id`),
  ADD KEY `tran_id` (`tran_id`),
  ADD KEY `help_id` (`help_id`),
  ADD KEY `mem_id` (`mem_id`);

--
-- Indexes for table `tblmavro`
--
ALTER TABLE `tblmavro`
  ADD PRIMARY KEY (`id`),
  ADD KEY `username` (`email`),
  ADD KEY `help_id` (`help_id`),
  ADD KEY `mem_id` (`mem_id`,`op_type`);

--
-- Indexes for table `tblmember`
--
ALTER TABLE `tblmember`
  ADD PRIMARY KEY (`id`),
  ADD UNIQUE KEY `username` (`username`),
  ADD KEY `email` (`email`);

--
-- Indexes for table `tblnews`
--
ALTER TABLE `tblnews`
  ADD PRIMARY KEY (`id`);

--
-- Indexes for table `tblpin`
--
ALTER TABLE `tblpin`
  ADD PRIMARY KEY (`id`),
  ADD UNIQUE KEY `nodupe` (`managerid`,`requestdate`,`pin`),
  ADD KEY `requestby` (`managerid`);

--
-- Indexes for table `tblpin1`
--
ALTER TABLE `tblpin1`
  ADD PRIMARY KEY (`id`),
  ADD UNIQUE KEY `nodupe` (`managerid`,`requestdate`,`pin`),
  ADD KEY `requestby` (`managerid`);

--
-- Indexes for table `tblpin2`
--
ALTER TABLE `tblpin2`
  ADD PRIMARY KEY (`id`),
  ADD UNIQUE KEY `nodupe` (`managerid`,`requestdate`,`pin`),
  ADD KEY `requestby` (`managerid`);

--
-- Indexes for table `tblpinlog`
--
ALTER TABLE `tblpinlog`
  ADD PRIMARY KEY (`id`),
  ADD KEY `leader` (`leader`);

--
-- Indexes for table `tblpinlog1`
--
ALTER TABLE `tblpinlog1`
  ADD PRIMARY KEY (`id`),
  ADD KEY `leader` (`leader`);

--
-- Indexes for table `tblpinlog2`
--
ALTER TABLE `tblpinlog2`
  ADD PRIMARY KEY (`id`),
  ADD KEY `leader` (`leader`);

--
-- Indexes for table `tblpintran`
--
ALTER TABLE `tblpintran`
  ADD PRIMARY KEY (`id`),
  ADD UNIQUE KEY `nodupe` (`idfrom`,`trdate`);

--
-- Indexes for table `tblpintran1`
--
ALTER TABLE `tblpintran1`
  ADD PRIMARY KEY (`id`),
  ADD UNIQUE KEY `nodupe` (`idfrom`,`trdate`);

--
-- Indexes for table `tblpintran2`
--
ALTER TABLE `tblpintran2`
  ADD PRIMARY KEY (`id`),
  ADD UNIQUE KEY `nodupe` (`idfrom`,`trdate`);

--
-- Indexes for table `tblsetup`
--
ALTER TABLE `tblsetup`
  ADD PRIMARY KEY (`id`);

--
-- Indexes for table `tblsupport`
--
ALTER TABLE `tblsupport`
  ADD PRIMARY KEY (`id`),
  ADD KEY `mem_id` (`mem_id`);

--
-- AUTO_INCREMENT for dumped tables
--

--
-- AUTO_INCREMENT for table `tblaccesslog`
--
ALTER TABLE `tblaccesslog`
  MODIFY `id` int(11) NOT NULL AUTO_INCREMENT, AUTO_INCREMENT=343;
--
-- AUTO_INCREMENT for table `tblaccesslog1`
--
ALTER TABLE `tblaccesslog1`
  MODIFY `id` int(11) NOT NULL AUTO_INCREMENT;
--
-- AUTO_INCREMENT for table `tblbank`
--
ALTER TABLE `tblbank`
  MODIFY `id` int(11) NOT NULL AUTO_INCREMENT;
--
-- AUTO_INCREMENT for table `tblcounter`
--
ALTER TABLE `tblcounter`
  MODIFY `id` int(11) NOT NULL AUTO_INCREMENT, AUTO_INCREMENT=4;
--
-- AUTO_INCREMENT for table `tblhelp`
--
ALTER TABLE `tblhelp`
  MODIFY `id` int(11) NOT NULL AUTO_INCREMENT, AUTO_INCREMENT=95;
--
-- AUTO_INCREMENT for table `tblhelpdetail`
--
ALTER TABLE `tblhelpdetail`
  MODIFY `id` int(11) NOT NULL AUTO_INCREMENT, AUTO_INCREMENT=51;
--
-- AUTO_INCREMENT for table `tblmavro`
--
ALTER TABLE `tblmavro`
  MODIFY `id` int(11) NOT NULL AUTO_INCREMENT, AUTO_INCREMENT=138;
--
-- AUTO_INCREMENT for table `tblmember`
--
ALTER TABLE `tblmember`
  MODIFY `id` int(11) NOT NULL AUTO_INCREMENT, AUTO_INCREMENT=51;
--
-- AUTO_INCREMENT for table `tblnews`
--
ALTER TABLE `tblnews`
  MODIFY `id` int(11) NOT NULL AUTO_INCREMENT, AUTO_INCREMENT=3;
--
-- AUTO_INCREMENT for table `tblpin`
--
ALTER TABLE `tblpin`
  MODIFY `id` int(11) NOT NULL AUTO_INCREMENT, AUTO_INCREMENT=121;
--
-- AUTO_INCREMENT for table `tblpin1`
--
ALTER TABLE `tblpin1`
  MODIFY `id` int(11) NOT NULL AUTO_INCREMENT, AUTO_INCREMENT=102;
--
-- AUTO_INCREMENT for table `tblpin2`
--
ALTER TABLE `tblpin2`
  MODIFY `id` int(11) NOT NULL AUTO_INCREMENT, AUTO_INCREMENT=103;
--
-- AUTO_INCREMENT for table `tblpinlog`
--
ALTER TABLE `tblpinlog`
  MODIFY `id` int(11) NOT NULL AUTO_INCREMENT, AUTO_INCREMENT=2;
--
-- AUTO_INCREMENT for table `tblpinlog1`
--
ALTER TABLE `tblpinlog1`
  MODIFY `id` int(11) NOT NULL AUTO_INCREMENT, AUTO_INCREMENT=2;
--
-- AUTO_INCREMENT for table `tblpinlog2`
--
ALTER TABLE `tblpinlog2`
  MODIFY `id` int(11) NOT NULL AUTO_INCREMENT, AUTO_INCREMENT=2;
--
-- AUTO_INCREMENT for table `tblpintran`
--
ALTER TABLE `tblpintran`
  MODIFY `id` int(11) NOT NULL AUTO_INCREMENT, AUTO_INCREMENT=8;
--
-- AUTO_INCREMENT for table `tblpintran1`
--
ALTER TABLE `tblpintran1`
  MODIFY `id` int(11) NOT NULL AUTO_INCREMENT, AUTO_INCREMENT=3;
--
-- AUTO_INCREMENT for table `tblpintran2`
--
ALTER TABLE `tblpintran2`
  MODIFY `id` int(11) NOT NULL AUTO_INCREMENT, AUTO_INCREMENT=4;
--
-- AUTO_INCREMENT for table `tblsetup`
--
ALTER TABLE `tblsetup`
  MODIFY `id` int(11) NOT NULL AUTO_INCREMENT, AUTO_INCREMENT=4;
--
-- AUTO_INCREMENT for table `tblsupport`
--
ALTER TABLE `tblsupport`
  MODIFY `id` int(11) NOT NULL AUTO_INCREMENT, AUTO_INCREMENT=8;
/*!40101 SET CHARACTER_SET_CLIENT=@OLD_CHARACTER_SET_CLIENT */;
/*!40101 SET CHARACTER_SET_RESULTS=@OLD_CHARACTER_SET_RESULTS */;
/*!40101 SET COLLATION_CONNECTION=@OLD_COLLATION_CONNECTION */;
